Time,Chan1,Chan2,Chan3,Chan4,Chan5,Chan6,Chan7,Chan8,Chan9,Chan10,Chan11,Chan12
0.00000,0.11284,-0.08218,-0.21747,0.13355,-0.20479,-2.11462,-0.57865,-0.16073,-0.98904,-1.62467,-0.73309,0.35625
0.00200,0.10225,-0.20749,-0.03406,-0.11704,0.14847,-1.04300,0.59989,-0.10982,-1.02705,-1.27328,0.26702,-0.40860
0.00400,0.08782,0.50589,0.18746,-0.09497,-0.37870,7.79246,2.56567,0.33990,-1.10548,5.42812,-0.11026,-0.07230
0.00600,0.11404,-0.05156,0.13901,-0.12196,0.19636,-1.41641,3.68688,-0.01622,-1.15797,-0.52770,0.03947,-0.33123
0.00800,-0.10913,-0.13594,0.11679,-0.00212,0.10073,-1.33239,3.71632,0.24862,1.35368,-0.57277,0.20730,0.26166
0.01000,-0.01729,0.10961,-0.47848,0.19921,0.34330,-1.62165,-15.91551,0.02407,0.45748,-0.74655,0.29478,0.44330
0.01200,-0.02706,-0.06669,0.13203,0.18742,-0.67379,-1.40641,1.85359,-0.36754,-0.34235,-1.03367,-0.33022,0.32444
0.01400,-0.01493,0.03133,0.18265,0.06657,0.29474,1.70818,2.51449,0.15682,-0.04019,0.68904,0.09315,0.20140
0.01600,0.13615,-0.13342,-0.06106,-0.61545,-0.01656,1.02561,1.80595,-0.07124,-1.22779,0.22157,-0.35302,-1.55837
0.01800,0.18401,0.24174,0.09019,0.13247,0.05965,-0.59386,2.75784,-0.00240,-1.74468,0.29347,0.23118,0.21266
0.02000,0.17203,-0.07035,-0.03246,0.20777,0.35637,0.25188,-2.86154,0.07578,-1.26713,0.07473,0.17338,0.60772
0.02200,-0.74073,-0.10359,-0.01601,0.05850,-0.22578,-1.70866,-0.01999,-0.35760,7.09051,-0.81018,0.29151,0.00853
0.02400,0.08353,-0.04887,-0.24519,0.14162,-0.17239,-2.29915,-0.54967,-0.25138,-0.99175,-1.58070,-0.77591,0.34399
0.02600,0.09356,-0.20813,-0.02183,-0.12935,0.15878,-1.17286,0.59841,-0.01226,-1.04103,-1.21292,0.27618,-0.42638
0.02800,0.08026,0.43586,0.19375,-0.11917,-0.35176,8.56571,2.67844,0.36178,-1.12127,5.20568,-0.08073,-0.09415
0.03000,0.12508,-0.05334,0.13682,-0.10549,0.19809,-1.52907,3.76640,0.00003,-1.17908,-0.51459,0.09758,-0.28238
0.03200,-0.10933,-0.11412,0.12317,-0.00752,0.06737,-1.46632,3.71397,0.24236,1.37326,-0.54832,0.25444,0.24700
0.03400,0.00307,0.11268,-0.48207,0.21016,0.35312,-1.69858,-16.25789,-0.08399,0.46377,-0.71975,0.12245,0.44989
0.03600,-0.03237,-0.04140,0.12686,0.20249,-0.63474,-1.50906,1.92812,-0.50021,-0.34301,-0.99379,-0.31709,0.31856
0.03800,0.01187,0.01949,0.19962,0.05287,0.29172,1.83662,2.59666,0.04515,-0.04796,0.64824,0.12322,0.17769
0.04000,0.11399,-0.14822,-0.08476,-0.64436,0.00289,1.09222,1.83112,0.48275,-1.23941,0.23536,-0.34767,-1.56312
0.04200,0.18189,0.22083,0.09555,0.14261,0.07079,-0.59989,2.78143,-0.08150,-1.77010,0.29338,0.27203,0.23302
0.04400,0.18473,-0.06053,-0.03184,0.22053,0.39364,0.24805,-2.92555,-0.01653,-1.28045,0.09322,0.15697,0.60782
0.04600,-0.73627,-0.08854,-0.00341,0.07009,-0.37751,-1.85242,-0.09465,-0.41829,7.17702,-0.78689,0.28672,0.03867
0.04800,0.04519,-0.02151,-0.27721,0.14855,-0.13377,-2.45059,-0.51640,-0.33986,-0.99259,-1.53174,-0.81498,0.33181
0.05000,0.08086,-0.20734,-0.00464,-0.14001,0.16696,-1.25645,0.59123,0.08409,-1.05217,-1.15030,0.28228,-0.44331
0.05200,0.07121,0.38201,0.19860,-0.14630,-0.31499,9.18549,2.76074,0.38051,-1.13602,4.97519,-0.04961,-0.11935
0.05400,0.13824,-0.05957,0.13139,-0.09477,0.19375,-1.62775,3.80675,0.01255,-1.20018,-0.50213,0.15169,-0.23471
0.05600,-0.10893,-0.09790,0.12976,-0.01294,0.02869,-1.58702,3.68393,0.23407,1.38972,-0.52113,0.29581,0.22854
0.05800,0.02815,0.11171,-0.47993,0.22398,0.35499,-1.74758,-16.44338,-0.18719,0.46834,-0.69401,-0.03936,0.45944
0.06000,-0.03698,-0.02017,0.11881,0.21518,-0.57530,-1.58252,1.98258,-0.62871,-0.34101,-0.95057,-0.30041,0.31519
0.06200,0.04561,0.01210,0.21815,0.03344,0.28299,1.93488,2.64809,-0.06625,-0.05488,0.60801,0.15384,0.15302
0.06400,0.08424,-0.15578,-0.11148,-0.66036,0.02327,1.17103,1.83790,1.02709,-1.24899,0.24805,-0.34246,-1.57014
0.06600,0.17811,0.19904,0.10146,0.15190,0.07797,-0.60257,2.77670,-0.15617,-1.79598,0.28596,0.30827,0.25584
0.06800,0.19875,-0.04917,-0.03178,0.23620,0.42130,0.25047,-2.95856,-0.10524,-1.29559,0.11196,0.14141,0.60901
0.07000,-0.72446,-0.07975,0.01217,0.07526,-0.52586,-1.97776,-0.15894,-0.47740,7.25936,-0.76135,0.27832,0.06876
0.07200,0.01716,-0.00084,-0.31226,0.15416,-0.09036,-2.56051,-0.47945,-0.42680,-0.99138,-1.47880,-0.85113,0.31996
0.07400,0.06929,-0.20455,0.01680,-0.14726,0.17399,-1.28501,0.57809,0.17926,-1.05978,-1.08680,0.28455,-0.45943
0.07600,0.06571,0.34488,0.20219,-0.17496,-0.27169,9.61434,2.81249,0.39552,-1.14891,4.74082,-0.01673,-0.14658
0.07800,0.14520,-0.06924,0.12366,-0.09170,0.18301,-1.70862,3.80917,0.02260,-1.22010,-0.49085,0.20163,-0.18900
0.08000,-0.10750,-0.08784,0.13667,-0.01780,-0.01348,-1.68889,3.62893,0.22265,1.40223,-0.49176,0.33058,0.20760
0.08200,0.04399,0.10764,-0.47440,0.23887,0.34843,-1.76560,-16.47700,-0.28517,0.47055,-0.66952,-0.18787,0.47146
0.08400,-0.03597,-0.00368,0.10879,0.22467,-0.49916,-1.62181,2.01714,-0.75311,-0.33650,-0.90476,-0.28037,0.31384
0.08600,0.06825,0.00899,0.23759,0.00840,0.26951,1.99735,2.66911,-0.17758,-0.06071,0.56870,0.18493,0.12836
0.08800,0.06100,-0.15602,-0.13930,-0.65774,0.04427,1.26061,1.82695,1.56144,-1.25587,0.25959,-0.33756,-1.57982
0.09000,0.17290,0.17784,0.10801,0.15818,0.07960,-0.60269,2.74512,-0.22545,-1.82080,0.27195,0.33975,0.28001
0.09200,0.20418,-0.03733,-0.03275,0.25284,0.43659,0.26028,-2.96131,-0.19066,-1.31206,0.13105,0.12724,0.61138
0.09400,-0.70420,-0.07703,0.02964,0.07345,-0.66071,-2.07910,-0.21153,-0.53415,7.33334,-0.73432,0.26618,0.09761
0.09600,-0.00807,0.01304,-0.34829,0.15837,-0.04413,-2.62222,-0.43994,-0.51254,-0.98779,-1.42306,-0.88518,0.30879
0.09800,0.05677,-0.19925,0.04120,-0.14963,0.18080,-1.25350,0.55945,0.27302,-1.06336,-1.02364,0.28261,-0.47474
0.10000,0.06120,0.32287,0.20483,-0.20336,-0.22571,9.82417,2.83423,0.40648,-1.15917,4.50663,0.01788,-0.17426
0.10200,0.14823,-0.08079,0.11479,-0.09731,0.16618,-1.76802,3.77561,0.03149,-1.23790,-0.48114,0.24731,-0.14622
0.10400,-0.10508,-0.08372,0.14402,-0.02162,-0.05689,-1.76637,3.55227,0.20727,1.41011,-0.46100,0.35831,0.18582
0.10600,0.05626,0.10159,-0.46852,0.25272,0.33372,-1.75101,-16.36710,-0.37760,0.46978,-0.64631,-0.32111,0.48517
0.10800,-0.03063,0.00773,0.09804,0.23046,-0.41166,-1.62343,2.03209,-0.87316,-0.32939,-0.85727,-0.25731,0.31394
0.11000,0.08698,0.00952,0.25710,-0.02128,0.25260,2.01990,2.66109,-0.28853,-0.06552,0.53058,0.21628,0.10477
0.11200,0.03844,-0.14948,-0.16595,-0.63283,0.06544,1.35776,1.79897,2.08382,-1.25940,0.27003,-0.33300,-1.59226
0.11400,0.16466,0.15847,0.11509,0.15957,0.07469,-0.60120,2.68889,-0.28862,-1.84315,0.25261,0.36647,0.30407
0.11600,0.20397,-0.02609,-0.03522,0.26814,0.43784,0.27796,-2.93533,-0.27295,-1.32936,0.15043,0.11468,0.61477
0.11800,-0.67271,-0.07939,0.04768,0.06493,-0.77287,-2.15112,-0.25121,-0.58772,7.39514,-0.70664,0.25038,0.12394
0.12000,-0.02568,0.02053,-0.38278,0.16120,0.00249,-2.63101,-0.39951,-0.59696,-0.98129,-1.36574,-0.91748,0.29862
0.12200,0.04458,-0.19108,0.06682,-0.14613,0.18807,-1.16085,0.53633,0.36487,-1.06255,-0.96178,0.27644,-0.48907
0.12400,0.05831,0.31270,0.20696,-0.22949,-0.18102,9.79740,2.82713,0.41335,-1.16605,4.27623,0.05401,-0.20059
0.12600,0.14474,-0.09235,0.10597,-0.11156,0.14413,-1.80272,3.70865,0.04032,-1.25288,-0.47314,0.28870,-0.10741
0.12800,-0.10126,-0.08461,0.15186,-0.02401,-0.09899,-1.81430,3.45751,0.18753,1.41285,-0.42981,0.37887,0.16492
0.13000,0.06189,0.09458,-0.46557,0.26337,0.31202,-1.70370,-16.12461,-0.46417,0.46542,-0.62424,-0.43806,0.49949
0.13200,-0.02004,0.01411,0.08808,0.23241,-0.31919,-1.58562,2.02786,-0.98828,-0.31944,-0.80906,-0.23173,0.31479
0.13400,0.09737,0.01272,0.27580,-0.05385,0.23382,2.00008,2.62635,-0.39826,-0.06954,0.49397,0.24770,0.08332
0.13600,0.01996,-0.13713,-0.18914,-0.58458,0.08613,1.45767,1.75474,2.59089,-1.25897,0.27947,-0.32867,-1.60685
0.13800,0.15265,0.14178,0.12242,0.15463,0.06294,-0.59918,2.61083,-0.34535,-1.86185,0.22948,0.38865,0.32644
0.14000,0.19549,-0.01647,-0.03960,0.27973,0.42493,0.30318,-2.88287,-0.35205,-1.34701,0.16988,0.10365,0.61893
0.14200,-0.62800,-0.08525,0.06487,0.05079,-0.85532,-2.18910,-0.27718,-0.63736,7.44129,-0.67913,0.23124,0.14661
0.14400,-0.03545,0.02249,-0.41300,0.16272,0.04687,-2.58442,-0.36017,-0.67951,-0.97130,-1.30797,-0.94797,0.28981
0.14600,0.03273,-0.17984,0.09169,-0.13640,0.19600,-1.00999,0.51026,0.45410,-1.05715,-0.90197,0.26641,-0.50223
0.14800,0.05630,0.30999,0.20910,-0.25132,-0.14120,9.52811,2.79300,0.41635,-1.16899,4.05251,0.09128,-0.22388
0.15000,0.13399,-0.10204,0.09831,-0.13333,0.11825,-1.81003,3.61135,0.04976,-1.26463,-0.46675,0.32583,-0.07356
0.15200,-0.09557,-0.08896,0.16012,-0.02479,-0.13729,-1.82843,3.34811,0.16355,1.41013,-0.39915,0.39253,0.14663
0.15400,0.06129,0.08745,-0.46865,0.26885,0.28543,-1.62496,-15.76228,-0.54464,0.45697,-0.60309,-0.53893,0.51325
0.15600,-0.00463,0.01586,0.08046,0.23070,-0.22846,-1.50837,2.00510,-1.09763,-0.30634,-0.76105,-0.20419,0.31576
0.15800,0.09924,0.01743,0.29287,-0.08702,0.21479,1.93734,2.56805,-0.50556,-0.07314,0.45913,0.27896,0.06499
0.16000,0.00555,-0.12032,-0.20683,-0.51457,0.10544,1.55446,1.69510,3.07834,-1.25402,0.28795,-0.32438,-1.62276
0.16200,0.13593,0.12810,0.12950,0.14259,0.04481,-0.59773,2.51414,-0.39571,-1.87598,0.20419,0.40665,0.34565
0.16400,0.17855,-0.00921,-0.04615,0.28542,0.39937,0.33487,-2.80668,-0.42764,-1.36462,0.18895,0.09375,0.62358
0.16600,-0.56793,-0.09267,0.07980,0.03272,-0.90401,-2.18929,-0.28918,-0.68251,7.46909,-0.65245,0.20932,0.16473
0.16800,-0.03829,0.02004,-0.43638,0.16300,0.08634,-2.48222,-0.32410,-0.75920,-0.95733,-1.25067,-0.97616,0.28275
0.17000,0.02080,-0.16557,0.11379,-0.12066,0.20427,-0.80729,0.48302,0.53986,-1.04710,-0.84466,0.25329,-0.51406
0.17200,0.05418,0.30990,0.21180,-0.26699,-0.10920,9.02167,2.73419,0.41597,-1.16764,3.83760,0.12917,-0.24272
0.17400,0.11581,-0.10820,0.09265,-0.16055,0.09025,-1.78802,3.48710,0.05986,-1.27299,-0.46164,0.35880,-0.04548
0.17600,-0.08747,-0.09485,0.16861,-0.02393,-0.16949,-1.80568,3.22713,0.13600,1.40183,-0.36992,0.39988,0.13241
0.17800,0.05579,0.08071,-0.48013,0.26756,0.25683,-1.51722,-15.29387,-0.61882,0.44405,-0.58256,-0.62509,0.52537
0.18000,0.01469,0.01372,0.07658,0.22573,-0.14586,-1.39330,1.96474,-1.20012,-0.28988,-0.71408,-0.17524,0.31640
0.18200,0.09334,0.02245,0.30765,-0.11819,0.19711,1.83285,2.48990,-0.60894,-0.07675,0.42636,0.30982,0.05056
0.18400,-0.00559,-0.10051,-0.21753,-0.42669,0.12225,1.64174,1.62101,3.54124,-1.24419,0.29545,-0.31977,-1.63920
0.18600,0.11373,0.11718,0.13576,0.12338,0.02138,-0.59782,2.40217,-0.44026,-1.88499,0.17824,0.42086,0.36045
0.18800,0.15375,-0.00469,-0.05494,0.28347,0.36428,0.37130,-2.70990,-0.49917,-1.38195,0.20704,0.08428,0.62831
0.19000,-0.49074,-0.09960,0.09126,0.01275,-0.91815,-2.14909,-0.28765,-0.72296,7.47693,-0.62702,0.18526,0.17775
0.19200,-0.03558,0.01444,-0.45092,0.16208,0.11836,-2.32620,-0.29335,-0.83469,-0.93906,-1.19450,-1.00098,0.27776
0.19400,0.00820,-0.14851,0.13134,-0.09973,0.21197,-0.56166,0.45640,0.62129,-1.03249,-0.79008,0.23804,-0.52431
0.19600,0.05098,0.30785,0.21559,-0.27497,-0.08711,8.29309,2.65355,0.41292,-1.16196,3.63272,0.16709,-0.25619
0.19800,0.09038,-0.10965,0.08948,-0.19047,0.06197,-1.73556,3.33947,0.07001,-1.27802,-0.45723,0.38768,-0.02371
0.20000,-0.07640,-0.10026,0.17694,-0.02155,-0.19364,-1.74438,3.09700,0.10609,1.38811,-0.34279,0.40172,0.12332
0.20200,0.04703,0.07451,-0.50121,0.25847,0.22973,-1.38374,-14.73335,-0.68666,0.42653,-0.56238,-0.69876,0.53489
0.20400,0.03681,0.00865,0.07742,0.21802,-0.07689,-1.24339,1.90804,-1.29462,-0.27000,-0.66878,-0.14540,0.31645
0.20600,0.08079,0.02673,0.31969,-0.14477,0.18223,1.68938,2.39588,-0.70686,-0.08071,0.39594,0.34008,0.04048
0.20800,-0.01461,-0.07919,-0.22054,-0.32668,0.13520,1.71327,1.53368,3.97491,-1.22932,0.30187,-0.31450,-1.65521
0.21000,0.08553,0.10829,0.14060,0.09764,-0.00585,-0.60019,2.27822,-0.47995,-1.88873,0.15274,0.43179,0.37005
0.21200,0.12216,-0.00289,-0.06573,0.27291,0.32401,0.41024,-2.59583,-0.56586,-1.39888,0.22339,0.07437,0.63285
0.21400,-0.39530,-0.10419,0.09832,-0.00709,-0.89997,-2.06724,-0.27368,-0.75869,7.46454,-0.60300,0.15986,0.18554
0.21600,-0.02965,0.00700,-0.45546,0.16000,0.14074,-2.11992,-0.26958,-0.90441,-0.91648,-1.13977,-1.02118,0.27517
0.21800,-0.00597,-0.12911,0.14300,-0.07491,0.21769,-0.28353,0.43194,0.69753,-1.01356,-0.73825,0.22182,-0.53289
0.22000,0.04575,0.30010,0.22080,-0.27429,-0.07602,7.36507,2.55419,0.40796,-1.15219,3.43826,0.20443,-0.26398
0.22200,0.05851,-0.10577,0.08892,-0.22014,0.03508,-1.65245,3.17212,0.07902,-1.28002,-0.45293,0.41258,-0.00847
0.22400,-0.06190,-0.10329,0.18456,-0.01781,-0.20833,-1.64446,2.95950,0.07534,1.36933,-0.31819,0.39911,0.11987
0.22600,0.03724,0.06869,-0.53158,0.24127,0.20789,-1.22833,-14.09446,-0.74815,0.40454,-0.54241,-0.76297,0.54127
0.22800,0.06045,0.00178,0.08344,0.20813,-0.02557,-1.06277,1.83663,-1.37991,-0.24684,-0.62560,-0.11513,0.31598
0.23000,0.06352,0.02944,0.32875,-0.16456,0.17135,1.51095,2.28995,-0.79781,-0.08522,0.36818,0.36957,0.03489
0.23200,-0.02333,-0.05774,-0.21597,-0.22115,0.14283,1.76352,1.43453,4.37494,-1.20954,0.30704,-0.30818,-1.67029
0.23400,0.05122,0.10031,0.14346,0.06654,-0.03525,-0.60524,2.14536,-0.51597,-1.88748,0.12827,0.43994,0.37423
0.23600,0.08553,-0.00346,-0.07801,0.25360,0.28364,0.44920,-2.46782,-0.62693,-1.41546,0.23728,0.06305,0.63695
0.23800,-0.28138,-0.10494,0.10047,-0.02514,-0.85405,-1.94395,-0.24903,-0.79003,7.43292,-0.58027,0.13391,0.18843
0.24000,-0.02308,-0.00106,-0.44981,0.15674,0.15180,-1.86835,-0.25383,-0.96677,-0.88994,-1.08650,-1.03529,0.27518
0.24200,-0.02265,-0.10799,0.14802,-0.04770,0.21966,0.01614,0.41080,0.76788,-0.99067,-0.68901,0.20587,-0.53968
0.24400,0.03788,0.28402,0.22756,-0.26456,-0.07621,6.26574,2.43945,0.40195,-1.13885,3.25415,0.24058,-0.26647
0.24600,0.02145,-0.09659,0.09066,-0.24687,0.01085,-1.53942,2.98862,0.08531,-1.27937,-0.44804,0.43359,0.00038
0.24800,-0.04373,-0.10242,0.19079,-0.01289,-0.21261,-1.50746,2.81575,0.04551,1.34603,-0.29621,0.39314,0.12192
0.25000,0.02860,0.06286,-0.56936,0.21634,0.19494,-1.05502,-13.39041,-0.80341,0.37853,-0.52257,-0.82104,0.54434
0.25200,0.08441,-0.00571,0.09440,0.19652,0.00579,-0.85626,1.75247,-1.45499,-0.22077,-0.58458,-0.08482,0.31537
0.25400,0.04365,0.03008,0.33479,-0.17597,0.16533,1.30244,2.17574,-0.88055,-0.09027,0.34335,0.39809,0.03353
0.25600,-0.03360,-0.03735,-0.20476,-0.11663,0.14359,1.78834,1.32536,4.73799,-1.18528,0.31071,-0.30050,-1.68417
0.25800,0.01116,0.09194,0.14396,0.03167,-0.06546,-0.61295,2.00631,-0.54968,-1.88184,0.10475,0.44572,0.37331
0.26000,0.04594,-0.00573,-0.09101,0.22637,0.24813,0.48572,-2.32913,-0.68160,-1.43179,0.24798,0.04940,0.64041
0.26200,-0.15003,-0.10090,0.09763,-0.04037,-0.78581,-1.78086,-0.21593,-0.81750,7.38423,-0.55844,0.10818,0.18715
0.26400,-0.01824,-0.00865,-0.43485,0.15234,0.15034,-1.57742,-0.24627,-1.02033,-0.86013,-1.03425,-1.04187,0.27789
0.26600,-0.04264,-0.08589,0.14632,-0.01969,0.21600,0.32702,0.39358,0.83186,-0.96436,-0.64202,0.19135,-0.54460
0.26800,0.02719,0.25837,0.23572,-0.24602,-0.08731,5.02588,2.31263,0.39569,-1.12266,3.07932,0.27497,-0.26469
0.27000,-0.01918,-0.08272,0.09409,-0.26867,-0.01013,-1.39810,2.79245,0.08713,-1.27657,-0.44210,0.45075,0.00324
0.27200,-0.02198,-0.09666,0.19490,-0.00685,-0.20597,-1.33627,2.66642,0.01832,1.31888,-0.27668,0.38486,0.12865
0.27400,0.02296,0.05657,-0.61117,0.18475,0.19391,-0.86777,-12.63363,-0.85267,0.34925,-0.50300,-0.87613,0.54437
0.27600,0.10775,-0.01266,0.10939,0.18352,0.01663,-0.62903,1.65785,-1.51904,-0.19235,-0.54560,-0.05486,0.31527
0.27800,0.02324,0.02845,0.33792,-0.17825,0.16461,1.06918,2.05631,-0.95412,-0.09560,0.32175,0.42556,0.03581
0.28000,-0.04707,-0.01896,-0.18856,-0.01880,0.13598,1.78525,1.20828,5.06194,-1.15728,0.31270,-0.29130,-1.69682
0.28200,-0.03369,0.08188,0.14191,-0.00521,-0.09566,-0.62295,1.86329,-0.58239,-1.87271,0.08150,0.44959,0.36820
0.28400,0.00552,-0.00891,-0.10373,0.19293,0.22160,0.51765,-2.18277,-0.72932,-1.44798,0.25502,0.03268,0.64323
0.28600,-0.00386,-0.09172,0.09020,-0.05261,-0.70000,-1.58095,-0.17684,-0.84174,7.32151,-0.53701,0.08344,0.18278
0.28800,-0.01706,-0.01486,-0.41240,0.14685,0.13575,-1.25367,-0.24615,-1.06400,-0.82807,-0.98254,-1.03992,0.28330
0.29000,-0.06639,-0.06359,0.13849,0.00767,0.20482,0.64013,0.38031,0.88923,-0.93530,-0.59690,0.17932,-0.54763
0.29200,0.01405,0.22316,0.24480,-0.21948,-0.10857,3.67654,2.17685,0.38988,-1.10444,2.91285,0.30713,-0.26019
0.29400,-0.06153,-0.06520,0.09837,-0.28463,-0.02807,-1.23094,2.58685,0.08287,-1.27210,-0.43477,0.46415,0.00078
0.29600,0.00287,-0.08564,0.19621,0.00037,-0.18820,-1.13494,2.51190,-0.00473,1.28864,-0.25916,0.37532,0.13867
0.29800,0.02152,0.04945,-0.65260,0.14812,0.20692,-0.67028,-11.83589,-0.89628,0.31772,-0.48395,-0.93111,0.54209
0.30000,0.12985,-0.01808,0.12694,0.16931,0.00801,-0.38628,1.55525,-1.57166,-0.16221,-0.50822,-0.02559,0.31655
0.30200,0.00404,0.02471,0.33834,-0.17153,0.16927,0.81656,1.93408,-1.01797,-0.10076,0.30357,0.45183,0.04089
0.30400,-0.06483,-0.00327,-0.16938,0.06822,0.11861,1.75360,1.08567,5.34611,-1.12654,0.31287,-0.28051,-1.70867
0.30600,-0.08181,0.06915,0.13741,-0.04240,-0.12594,-0.63449,1.71810,-0.61519,-1.86119,0.05733,0.45183,0.36020
0.30800,-0.03367,-0.01224,-0.11509,0.15570,0.20655,0.54337,-2.03151,-0.76982,-1.46409,0.25813,0.01239,0.64538
0.31000,0.15295,-0.07762,0.07894,-0.06253,-0.59916,-1.34833,-0.13428,-0.86343,7.24833,-0.51539,0.06036,0.17657
0.31200,-0.02064,-0.01893,-0.38494,0.14044,0.10790,-0.90384,-0.25189,-1.09720,-0.79499,-0.93061,-1.02870,0.29122
0.31400,-0.09384,-0.04183,0.12568,0.03328,0.18450,0.94834,0.37049,0.94006,-0.90430,-0.55318,0.17063,-0.54869
0.31600,-0.00065,0.17949,0.25406,-0.18626,-0.13922,2.24723,2.03498,0.38508,-1.08500,2.75337,0.33661,-0.25482
0.31800,-0.10363,-0.04532,0.10263,-0.29511,-0.04411,-1.04114,2.37486,0.07133,-1.26644,-0.42597,0.47377,-0.00624
0.32000,0.02995,-0.06963,0.19420,0.00900,-0.15920,-0.90834,2.35257,-0.02254,1.25607,-0.24303,0.36533,0.15015
0.32200,0.02468,0.04132,-0.68880,0.10849,0.23482,-0.46593,-11.00833,-0.93467,0.28521,-0.46576,-0.98794,0.53850
0.32400,0.15043,-0.02118,0.14516,0.15395,-0.01761,-0.13294,1.44721,-1.61283,-0.13098,-0.47174,0.00258,0.32016
0.32600,-0.01269,0.01921,0.33623,-0.15681,0.17892,0.54973,1.81072,-1.07195,-0.10514,0.28890,0.47676,0.04774
0.32800,-0.08725,0.00922,-0.14937,0.14224,0.09029,1.69461,0.96015,5.59117,-1.09429,0.31120,-0.26826,-1.72018
0.33000,-0.13119,0.05315,0.13079,-0.07843,-0.15748,-0.64663,1.57211,-0.64882,-1.84839,0.03070,0.45269,0.35087
0.33200,-0.06990,-0.01509,-0.12404,0.11756,0.20330,0.56197,-1.87781,-0.80321,-1.48002,0.25739,-0.01164,0.64690
0.33400,0.31472,-0.05926,0.06495,-0.07156,-0.48211,-1.08798,-0.09058,-0.88321,7.16826,-0.49300,0.03952,0.16987
0.33600,-0.02917,-0.02031,-0.35525,0.13343,0.06707,-0.53464,-0.26118,-1.11993,-0.76220,-0.87761,-1.00814,0.30136
0.33800,-0.12436,-0.02125,0.10944,0.05644,0.15376,1.24666,0.36323,0.98468,-0.87227,-0.51025,0.16586,-0.54774
0.34000,-0.01558,0.12914,0.26257,-0.14793,-0.17874,0.76463,1.88949,0.38167,-1.06507,2.59918,0.36306,-0.25049
0.34200,-0.14352,-0.02440,0.10607,-0.30170,-0.06032,-0.83251,2.15927,0.05191,-1.26000,-0.41596,0.47963,-0.01703
0.34400,0.05799,-0.04946,0.18865,0.01940,-0.11883,-0.66179,2.18898,-0.03455,1.22187,-0.22762,0.35556,0.16101
0.34600,0.03193,0.03227,-0.71521,0.06809,0.27707,-0.25774,-10.16160,-0.96837,0.25312,-0.44886,-1.04763,0.53476
0.34800,0.16955,-0.02145,0.16203,0.13744,-0.05688,0.12652,1.33621,-1.64301,-0.09919,-0.43544,0.02925,0.32705
0.35000,-0.02633,0.01248,0.33178,-0.13565,0.19282,0.27334,1.68720,-1.11627,-0.10807,0.27770,0.50022,0.05536
0.35200,-0.11376,0.01825,-0.13047,0.20291,0.05003,1.61115,0.83437,5.79912,-1.06181,0.30790,-0.25482,-1.73192
0.35400,-0.17939,0.03383,0.12266,-0.11216,-0.19258,-0.65830,1.42634,-0.68363,-1.83539,0.00002,0.45238,0.34173
0.35600,-0.10187,-0.01712,-0.12975,0.08152,0.20961,0.57337,-1.72380,-0.83003,-1.49544,0.25325,-0.03923,0.64775
0.35800,0.47452,-0.03769,0.04946,-0.08165,-0.34301,-0.80551,-0.04763,-0.90161,7.08445,-0.46947,0.02143,0.16388
0.36000,-0.04189,-0.01859,-0.32608,0.12626,0.01381,-0.15250,-0.27127,-1.13283,-0.73096,-0.82288,-0.97877,0.31327
0.36200,-0.15672,-0.00236,0.09150,0.07685,0.11175,1.53214,0.35740,1.02366,-0.84019,-0.46759,0.16534,-0.54460
0.36400,-0.02912,0.07423,0.26931,-0.10622,-0.22703,-0.74817,1.74239,0.37988,-1.04517,2.44897,0.38620,-0.24889
0.36600,-0.17938,-0.00363,0.10816,-0.30697,-0.07951,-0.60928,1.94257,0.02476,-1.25307,-0.40517,0.48179,-0.03091
0.36800,0.08544,-0.02637,0.17966,0.03203,-0.06672,-0.40062,2.02201,-0.04079,1.18663,-0.21222,0.34645,0.16918
0.37000,0.04196,0.02273,-0.72826,0.02910,0.33180,-0.04837,-9.30578,-0.99795,0.22287,-0.43363,-1.11024,0.53198
0.37200,0.18746,-0.01872,0.17565,0.11987,-0.10598,0.38817,1.22452,-1.66311,-0.06718,-0.39843,0.05396,0.33794
0.37400,-0.03688,0.00511,0.32509,-0.10995,0.20991,-0.00855,1.56406,-1.15149,-0.10889,0.26973,0.52197,0.06284
0.37600,-0.14299,0.02372,-0.11412,0.25131,-0.00291,1.50727,0.71090,5.97313,-1.03041,0.30328,-0.24051,-1.74417
0.37800,-0.22381,0.01171,0.11378,-0.14286,-0.23456,-0.66855,1.28164,-0.71950,-1.82304,-0.03613,0.45093,0.33418
0.38000,-0.12880,-0.01830,-0.13170,0.05040,0.22087,0.57826,-1.57134,-0.85116,-1.50978,0.24645,-0.06987,0.64794
0.38200,0.62474,-0.01408,0.03376,-0.09489,-0.17144,-0.50678,-0.00683,-0.91900,6.99918,-0.44454,0.00642,0.15959
0.38400,-0.05730,-0.01356,-0.29969,0.11956,-0.05116,0.23649,-0.27937,-1.13714,-0.70229,-0.76576,-0.94150,0.32645
0.38600,-0.18922,0.01455,0.07354,0.09461,0.05806,1.80341,0.35187,1.05779,-0.80901,-0.42455,0.16905,-0.53918
0.38800,-0.03962,0.01685,0.27332,-0.06276,-0.28447,-2.27145,1.59530,0.37979,-1.02558,2.30096,0.40577,-0.25123
0.39000,-0.20964,0.01613,0.10870,-0.31414,-0.10505,-0.37595,1.72709,-0.00922,-1.24583,-0.39423,0.48025,-0.04731
0.39200,0.11063,-0.00184,0.16774,0.04732,-0.00224,-0.12999,1.85304,-0.04183,1.15080,-0.19621,0.33821,0.17289
0.39400,0.05286,0.01331,-0.72607,-0.00650,0.39600,0.15971,-8.45087,-1.02405,0.19581,-0.42034,-1.17468,0.53111
0.39600,0.20449,-0.01311,0.18452,0.10147,-0.16103,0.64864,1.11397,-1.67448,-0.03510,-0.35991,0.07627,0.35328
0.39800,-0.04477,-0.00233,0.31621,-0.08162,0.22886,-0.29245,1.44132,-1.17846,-0.10706,0.26455,0.54180,0.06955
0.40000,-0.17288,0.02569,-0.10103,0.28941,-0.06905,1.38779,0.59196,6.11724,-1.00123,0.29787,-0.22570,-1.75727
0.40200,-0.26186,-0.01226,0.10500,-0.17019,-0.28748,-0.67657,1.13865,-0.75591,-1.81193,-0.07876,0.44844,0.32913
0.40400,-0.15042,-0.01890,-0.12981,0.02647,0.23043,0.57798,-1.42189,-0.86778,-1.52220,0.23803,-0.10280,0.64727
0.40600,0.75774,0.01037,0.01895,-0.11312,0.04713,-0.19771,0.03105,-0.93565,6.91361,-0.41818,-0.00533,0.15761
0.40800,-0.07341,-0.00518,-0.27759,0.11402,-0.12709,0.62664,-0.28293,-1.13461,-0.67691,-0.70583,-0.89778,0.34031
0.41000,-0.21980,0.02934,0.05702,0.11009,-0.00738,2.06024,0.34567,1.08798,-0.77959,-0.38051,0.17674,-0.53126
0.41200,-0.04560,-0.04122,0.27387,-0.01898,-0.35186,-3.78832,1.44933,0.38137,-1.00635,2.15352,0.42163,-0.25805
0.41400,-0.23304,0.03433,0.10786,-0.32648,-0.14053,-0.13712,1.51473,-0.04847,-1.23832,-0.38384,0.47517,-0.06588
0.41600,0.13187,0.02264,0.15376,0.06560,0.07550,0.14536,1.68364,-0.03874,1.11465,-0.17913,0.33085,0.17085
0.41800,0.06241,0.00478,-0.70877,-0.03712,0.46585,0.36420,-7.60550,-1.04726,0.17311,-0.40920,-1.23928,0.53267
0.42000,0.22091,-0.00499,0.18778,0.08268,-0.21850,0.90503,1.00596,-1.67881,-0.00288,-0.31923,0.09580,0.37311
0.42200,-0.05077,-0.00939,0.30523,-0.05220,0.24819,-0.57537,1.31891,-1.19820,-0.10223,0.26157,0.55947,0.07517
0.42400,-0.20095,0.02436,-0.09120,0.31924,-0.14865,1.25776,0.47934,6.23608,-0.97514,0.29229,-0.21071,-1.77094
0.42600,-0.29125,-0.03684,0.09720,-0.19406,-0.35576,-0.68184,0.99804,-0.79207,-1.80226,-0.12826,0.44491,0.32702
0.42800,-0.16692,-0.01939,-0.12448,0.01122,0.23032,0.57434,-1.27664,-0.88124,-1.53167,0.22918,-0.13709,0.64551
0.43000,0.86655,0.03462,0.00591,-0.13754,0.32991,0.11599,0.06578,-0.95172,6.82758,-0.39062,-0.01383,0.15814
0.43200,-0.08806,0.00639,-0.26035,0.11040,-0.21320,1.01265,-0.27998,-1.12733,-0.65515,-0.64300,-0.84924,0.35428
0.43400,-0.24627,0.04210,0.04295,0.12372,-0.08433,2.30293,0.33815,1.11520,-0.75262,-0.33495,0.18784,-0.52069
0.43600,-0.04600,-0.09861,0.27056,0.02407,-0.43024,-5.28393,1.30526,0.38447,-0.98727,2.00519,0.43372,-0.26915
0.43800,-0.24872,0.05079,0.10619,-0.34672,-0.18937,0.10270,1.30718,-0.09099,-1.23041,-0.37462,0.46676,-0.08641
0.44000,0.14773,0.04578,0.13882,0.08694,0.16755,0.42125,1.51574,-0.03289,1.07832,-0.16065,0.32420,0.16246
0.44200,0.06839,-0.00219,-0.67862,-0.06167,0.53722,0.56287,-6.77775,-1.06818,0.15563,-0.40015,-1.30181,0.53677
0.44400,0.23677,0.00504,0.18527,0.06422,-0.27547,1.15477,0.90136,-1.67802,0.02960,-0.27590,0.11229,0.39704
0.44600,-0.05573,-0.01571,0.29228,-0.02269,0.26638,-0.85467,1.19675,-1.21189,-0.09427,0.25996,0.57468,0.07976
0.44800,-0.22465,0.02010,-0.08388,0.34212,-0.24179,1.12199,0.37428,6.33465,-0.95268,0.28717,-0.19571,-1.78473
0.45000,-0.31020,-0.06071,0.09114,-0.21455,-0.44358,-0.68412,0.86046,-0.82697,-1.79385,-0.18431,0.44030,0.32772
0.45200,-0.17885,-0.02033,-0.11656,0.00525,0.21232,0.56933,-1.13648,-0.89292,-1.53699,0.22113,-0.17175,0.64244
0.45400,0.94560,0.05785,-0.00489,-0.16845,0.69450,0.42897,0.09761,-0.96730,6.73969,-0.36215,-0.01933,0.16095
0.45600,-0.09936,0.02077,-0.24761,0.10939,-0.30878,1.38954,-0.26941,-1.11755,-0.63693,-0.57731,-0.79746,0.36782
0.45800,-0.26663,0.05302,0.03192,0.13584,-0.17241,2.53172,0.32907,1.14037,-0.72853,-0.28736,0.20153,-0.50752
0.46000,-0.04034,-0.15441,0.26342,0.06569,-0.52050,-6.74437,1.16359,0.38893,-0.96800,1.85420,0.44208,-0.28359
0.46200,-0.25623,0.06559,0.10451,-0.37657,-0.25438,0.33926,1.10579,-0.13450,-1.22185,-0.36708,0.45532,-0.10871
0.46400,0.15713,0.06659,0.12417,0.11116,0.27484,0.69399,1.35128,-0.02578,1.04180,-0.14064,0.31791,0.14800
0.46600,0.06896,-0.00712,-0.63977,-0.07956,0.60627,0.75349,-5.97429,-1.08735,0.14388,-0.39302,-1.35985,0.54303
0.46800,0.25184,0.01625,0.17762,0.04703,-0.32970,1.39549,0.80047,-1.67417,0.06251,-0.22973,0.12570,0.42416
0.47000,-0.06037,-0.02111,0.27764,0.00663,0.28200,-1.12785,1.07490,-1.22080,-0.08333,0.25885,0.58728,0.08371
0.47200,-0.24175,0.01343,-0.07780,0.35814,-0.34831,0.98468,0.27730,6.41803,-0.93398,0.28313,-0.18074,-1.79802
0.47400,-0.31764,-0.08275,0.08740,-0.23175,-0.55437,-0.68342,0.72660,-0.85960,-1.78613,-0.24597,0.43464,0.33041
0.47600,-0.18703,-0.02221,-0.10727,0.00823,0.16908,0.56483,-1.00198,-0.90410,-1.53696,0.21502,-0.20585,0.63750
0.47800,0.99144,0.07949,-0.01339,-0.20506,1.15626,0.73637,0.12713,-0.98247,6.64752,-0.33323,-0.02233,0.16540
0.48000,-0.10590,0.03739,-0.23817,0.11151,-0.41313,1.75259,-0.25107,-1.10748,-0.62182,-0.50916,-0.74401,0.38054
0.48200,-0.27926,0.06243,0.02397,0.14659,-0.27115,2.74630,0.31858,1.16437,-0.70743,-0.23743,0.21682,-0.49147
0.48400,-0.02880,-0.20799,0.25296,0.10556,-0.62314,-8.15573,1.02460,0.39455,-0.94811,1.69927,0.44698,-0.29974
0.48600,-0.25555,0.07898,0.10379,-0.41628,-0.33746,0.56869,0.91158,-0.17678,-1.21223,-0.36147,0.44137,-0.13308
0.48800,0.15955,0.08456,0.11099,0.13771,0.39799,0.96032,1.19203,-0.01887,1.00497,-0.11910,0.31154,0.12822
0.49000,0.06286,-0.00991,-0.59774,-0.09073,0.66984,0.93391,-5.20014,-1.10523,0.13798,-0.38749,-1.41140,0.55056
0.49200,0.26559,0.02788,0.16616,0.03219,-0.37971,1.62488,0.70318,-1.66931,0.09587,-0.18077,0.13624,0.45346
0.49400,-0.06518,-0.02550,0.26183,0.03617,0.29383,-1.39244,0.95363,-1.22619,-0.06972,0.25733,0.59714,0.08787
0.49600,-0.25060,0.00506,-0.07142,0.36586,-0.46782,0.84917,0.18832,6.49111,-0.91871,0.28063,-0.16562,-1.80966
0.49800,-0.31331,-0.10225,0.08632,-0.24560,-0.69027,-0.67992,0.59715,-0.88908,-1.77821,-0.31167,0.42791,0.33405
0.50000,-0.19240,-0.02530,-0.09806,0.01896,0.09517,0.56238,-0.87342,-0.91578,-1.53047,0.21176,-0.23857,0.63068
0.50200,1.00302,0.09924,-0.01998,-0.24547,1.72583,1.03382,0.15508,-0.99735,6.54787,-0.30431,-0.02359,0.17061
0.50400,-0.10703,0.05543,-0.23031,0.11702,-0.52549,2.09736,-0.22576,-1.09911,-0.60909,-0.43910,-0.69009,0.39201
0.50600,-0.28314,0.07068,0.01874,0.15571,-0.38002,2.94569,0.30719,1.18789,-0.68909,-0.18504,0.23256,-0.47319
0.50800,-0.01222,-0.25888,0.24014,0.14362,-0.73784,-9.50386,0.88842,0.40113,-0.92715,1.53922,0.44882,-0.31565
0.51000,-0.24707,0.09121,0.10496,-0.46439,-0.43919,0.78761,0.72524,-0.21589,-1.20101,-0.35768,0.42549,-0.15893
0.51200,0.15500,0.09965,0.10019,0.16572,0.53693,1.21728,1.03939,-0.01341,0.96768,-0.09611,0.30456,0.10505
0.51400,0.04961,-0.01092,-0.55858,-0.09555,0.72598,1.10201,-4.45842,-1.12222,0.13765,-0.38307,-1.45486,0.55822
0.51600,0.27724,0.03925,0.15268,0.02078,-0.42465,1.84056,0.60903,-1.66530,0.12945,-0.12935,0.14439,0.48316
0.51800,-0.07025,-0.02889,0.24561,0.06687,0.30101,-1.64582,0.83343,-1.22931,-0.05397,0.25451,0.60429,0.09284
0.52000,-0.25039,-0.00419,-0.06325,0.36233,-0.59964,0.71785,0.10671,6.55841,-0.90620,0.27986,-0.15002,-1.81887
0.52200,-0.29779,-0.11904,0.08799,-0.25586,-0.85165,-0.67384,0.47269,-0.91475,-1.76894,-0.37945,0.42016,0.33729
0.52400,-0.19587,-0.02954,-0.09038,0.03563,-0.01188,0.56294,-0.75075,-0.92869,-1.51658,0.21190,-0.26935,0.62204
0.52600,0.98193,0.11704,-0.02544,-0.28689,2.40643,1.31748,0.18221,-1.01207,6.43725,-0.27569,-0.02408,0.17553
0.52800,-0.10293,0.07394,-0.22215,0.12583,-0.64496,2.41962,-0.19506,-1.09403,-0.59791,-0.36783,-0.63655,0.40193
0.53000,-0.27805,0.07809,0.01553,0.16260,-0.49841,3.12803,0.29560,1.21145,-0.67300,-0.13028,0.24752,-0.45346
0.53200,0.00802,-0.30659,0.22630,0.17991,-0.86321,-10.77370,0.75514,0.40848,-0.90485,1.37319,0.44823,-0.32917
0.53400,-0.23158,0.10240,0.10882,-0.51781,-0.55861,0.99315,0.54707,-0.25033,-1.18768,-0.35541,0.40843,-0.18552
0.53600,0.14414,0.11225,0.09226,0.19399,0.69061,1.46200,0.89423,-0.01027,0.92980,-0.07184,0.29643,0.08095
0.53800,0.02961,-0.01096,-0.52796,-0.09469,0.77419,1.25580,-3.75029,-1.13861,0.14230,-0.37932,-1.48945,0.56473
0.54000,0.28586,0.04980,0.13919,0.01375,-0.46417,2.03997,0.51735,-1.66377,0.16271,-0.07611,0.15093,0.51131
0.54200,-0.07531,-0.03137,0.22995,0.09988,0.30312,-1.88515,0.71496,-1.23133,-0.03666,0.24972,0.60887,0.09924
0.54400,-0.24130,-0.01336,-0.05213,0.34365,-0.74270,0.59217,0.03137,6.62392,-0.89550,0.28083,-0.13344,-1.82486
0.54600,-0.27249,-0.13359,0.09222,-0.26200,-1.03677,-0.66530,0.35371,-0.93628,-1.75715,-0.44728,0.41140,0.33789
0.54800,-0.19828,-0.03447,-0.08554,0.05606,-0.15094,0.56673,-0.63369,-0.94314,-1.49476,0.21564,-0.29784,0.60862
0.55000,0.93232,0.13292,-0.03083,-0.32591,3.19185,1.58391,0.20909,-1.02684,6.31268,-0.24762,-0.02495,0.17905
0.55200,-0.09461,0.09183,-0.21199,0.13744,-0.77036,2.71535,-0.16114,-1.09337,-0.58740,-0.29620,-0.58380,0.41153
0.55400,-0.26458,0.08497,0.01350,0.16633,-0.62553,3.29068,0.28458,1.23534,-0.65833,-0.07357,0.26042,-0.42824
0.55600,0.03014,-0.35043,0.21296,0.21444,-0.99668,-11.94932,0.62484,0.41641,-0.88101,1.20116,0.44597,-0.33834
0.55800,-0.21019,0.11251,0.11585,-0.57208,-0.69315,1.18307,0.37709,-0.27917,-1.17157,-0.35400,0.39096,-0.21837
0.56000,0.12816,0.12310,0.08716,0.22115,0.85678,1.69167,0.75680,-0.00992,0.89119,-0.04646,0.28660,0.05447
0.56200,0.00407,-0.01124,-0.51034,-0.08900,0.81547,1.39358,-3.07494,-1.15458,0.15107,-0.37577,-1.51513,0.56836
0.56400,0.29054,0.05916,0.12768,0.01166,-0.49826,2.22054,0.42747,-1.66598,0.19479,-0.02184,0.15686,0.54037
0.56600,-0.07978,-0.03301,0.21602,0.13623,0.30028,-2.10745,0.59899,-1.23332,-0.01838,0.24249,0.61123,0.11050
0.56800,-0.22446,-0.02142,-0.03750,0.30568,-0.89550,0.47289,-0.03904,6.69087,-0.88544,0.28321,-0.11535,-1.82584
0.57000,-0.23948,-0.14692,0.09860,-0.26331,-1.24173,-0.65429,0.24043,-0.95364,-1.74155,-0.51317,0.40174,0.33729
0.57200,-0.20023,-0.03925,-0.08448,0.07799,-0.31708,0.57329,-0.52171,-0.95909,-1.46475,0.22270,-0.32396,0.60024
0.57400,0.86042,0.14702,-0.03736,-0.35895,4.06576,1.83015,0.23602,-1.04184,6.17138,-0.22010,-0.02740,0.18038
0.57600,-0.08365,0.10801,-0.19870,0.15096,-0.90016,2.98094,-0.12635,-1.09767,-0.57682,-0.22503,-0.53201,0.41652
0.57800,-0.24408,0.09154,0.01179,0.16575,-0.76026,3.43077,0.27475,1.25961,-0.64411,-0.01560,0.27014,-0.41352
0.58000,0.05222,-0.38949,0.20170,0.24701,-1.13445,-13.01516,0.49763,0.42475,-0.85568,1.02356,0.44302,-0.34172
0.58200,-0.18427,0.12123,0.12612,-0.62184,-0.83868,1.35562,0.21497,-0.30209,-1.15212,-0.35263,0.37397,-0.23739
0.58400,0.10866,0.13314,0.08424,0.24574,1.03187,1.90341,0.62670,-0.01240,0.85182,-0.02012,0.27463,0.04018
0.58600,-0.02518,-0.01318,-0.50811,-0.07940,0.85215,1.51391,-2.42987,-1.17025,0.16293,-0.37205,-1.53287,0.56933
0.58800,0.29052,0.06720,0.11973,0.01465,-0.52705,2.37966,0.33888,-1.67273,0.22450,0.03252,0.16327,0.55577
0.59000,-0.08292,-0.03392,0.20503,0.17645,0.29317,-2.30962,0.48623,-1.23618,0.00035,0.23263,0.61178,0.11788
0.59200,-0.20177,-0.02739,-0.01956,0.24493,-1.05594,0.36028,-0.10589,6.76154,-0.87486,0.28644,-0.09526,-1.82495
0.59400,-0.20126,-0.16047,0.10658,-0.25893,-1.46052,-0.64057,0.13280,-0.96711,-1.72112,-0.57549,0.39126,0.33738
0.59600,-0.20212,-0.04279,-0.08757,0.09943,-0.50180,0.58152,-0.41412,-0.97617,-1.42681,0.23244,-0.34780,0.60136
0.59800,0.77384,0.15946,-0.04622,-0.38272,5.00167,2.05357,0.26302,-1.05724,6.01191,-0.19298,-0.03258,0.18021
0.60000,-0.07202,0.12147,-0.18202,0.16514,-1.03238,3.21320,-0.09294,-1.10694,-0.56564,-0.15517,-0.48104,0.41586
0.60200,-0.21852,0.09793,0.00969,0.15968,-0.90100,3.54539,0.26648,1.28406,-0.62930,0.04269,0.27566,-0.41547
0.60400,0.07246,-0.42269,0.19392,0.27716,-1.27163,-13.95637,0.37370,0.43330,-0.82913,0.84171,0.44037,-0.34130
0.60600,-0.15536,0.12808,0.13929,-0.66144,-0.98967,1.50960,0.06017,-0.31924,-1.12884,-0.35041,0.35823,-0.23486
0.60800,0.08746,0.14337,0.08232,0.26638,1.21099,2.09429,0.50302,-0.01735,0.81174,0.00708,0.26017,0.04205
0.61000,-0.05587,-0.01819,-0.52118,-0.06673,0.88767,1.61576,-1.81134,-1.18558,0.17683,-0.36795,-1.54405,0.56922
0.61200,0.28539,0.07400,0.11635,0.02224,-0.55077,2.51485,0.25132,-1.68434,0.25050,0.08596,0.17126,0.55375
0.61400,-0.08398,-0.03417,0.19810,0.22028,0.28298,-2.48865,0.37727,-1.24062,0.01916,0.22027,0.61110,0.11688
0.61600,-0.17572,-0.03036,0.00075,0.15952,-1.22128,0.25441,-0.17042,6.83723,-0.86270,0.28977,-0.07280,-1.82508
0.61800,-0.16055,-0.17583,0.11549,-0.24806,-1.68524,-0.62373,0.03051,-0.97715,-1.69504,-0.63318,0.38006,0.33738
0.62000,-0.20408,-0.04385,-0.09465,0.11882,-0.69351,0.58988,-0.31013,-0.99374,-1.38155,0.24390,-0.36962,0.60136
0.62200,0.68079,0.17033,-0.05842,-0.39470,5.96383,2.25186,0.28975,-1.07307,5.83398,-0.16593,-0.04145,0.18021
0.62400,-0.06174,0.13140,-0.16255,0.17849,-1.16454,3.40947,-0.06278,-1.12070,-0.55364,-0.08739,-0.43067,0.41586
0.62600,-0.19032,0.10423,0.00673,0.14714,-1.04546,3.63208,0.25972,1.30831,-0.61294,0.10014,0.27625,-0.41547
0.62800,0.08935,-0.44901,0.19067,0.30403,-1.40255,-14.75982,0.25326,0.44182,-0.80174,0.65775,0.43899,-0.34130
0.63000,-0.12507,0.13248,0.15461,-0.68575,-1.13948,1.64419,-0.08801,-0.33117,-1.10140,-0.34642,0.34442,-0.23486
0.63200,0.06644,0.15466,0.07987,0.28191,1.38808,2.26144,0.38446,-0.02415,0.77109,0.03504,0.24306,0.04205
0.63400,-0.08560,-0.02748,-0.54695,-0.05170,0.92595,1.69849,-1.21495,-1.20046,0.19177,-0.36334,-1.55061,0.56922
0.63600,0.27514,0.07983,0.11782,0.03337,-0.56965,2.62394,0.16489,-1.70067,0.27141,0.13747,0.18179,0.55375
0.63800,-0.08236,-0.03390,0.19607,0.26648,0.27138,-2.64176,0.27249,-1.24713,0.03783,0.20582,0.60983,0.11688
0.64000,-0.14902,-0.02966,0.02187,0.04997,-1.38806,0.15543,-0.23359,6.91811,-0.84814,0.29231,-0.04786,-1.82508
0.64200,-0.12006,-0.19448,0.12468,-0.23009,-1.90662,-0.60325,-0.06706,-0.98429,-1.66290,-0.68568,0.36835,0.33738
0.64400,-0.20598,-0.04124,-0.10491,0.13526,-0.87866,0.59657,-0.20893,-1.01099,-1.32996,0.25585,-0.38978,0.60136
0.64600,0.58921,0.17966,-0.07460,-0.39342,6.90958,2.42309,0.31563,-1.08925,5.63864,-0.13851,-0.05463,0.18021
0.64800,-0.05452,0.13729,-0.14181,0.18940,-1.29366,3.56777,-0.03706,-1.13809,-0.54089,-0.02232,-0.38074,0.41586
0.65000,-0.16200,0.11050,0.00275,0.12752,-1.19054,3.68924,0.25405,1.33175,-0.59426,0.15545,0.27158,-0.41547
0.65200,0.10188,-0.46766,0.19246,0.32651,-1.52119,-15.41516,0.13660,0.45001,-0.77404,0.47435,0.43978,-0.34130
0.65400,-0.09501,0.13391,0.17106,-0.69067,-1.28085,1.75893,-0.23034,-0.33862,-1.06965,-0.33989,0.33307,-0.23486
0.65600,0.04728,0.16765,0.07516,0.29149,1.55624,2.40224,0.26954,-0.03202,0.73010,0.06375,0.22338,0.04205
0.65800,-0.11208,-0.04175,-0.58055,-0.03485,0.97085,1.76186,-0.63621,-1.21464,0.20690,-0.35832,-1.55477,0.56922
0.66000,0.26027,0.08508,0.12361,0.04648,-0.58391,2.70527,0.08006,-1.72111,0.28602,0.18614,0.19550,0.55375
0.66200,-0.07779,-0.03325,0.19935,0.31284,0.26033,-2.76663,0.17203,-1.25596,0.05632,0.18993,0.60852,0.11688
0.66400,-0.12425,-0.02488,0.04182,-0.08048,-1.55211,0.06372,-0.29595,7.00320,-0.83067,0.29316,-0.02058,-1.82508
