Time,Chan1,Chan2,Chan3,Chan4,Chan5,Chan6,Chan7,Chan8,Chan9,Chan10,Chan11,Chan12,Chan13,Chan14,Chan15,Chan16,Chan17,Chan18,Chan19,Chan20,Chan21,Chan22,Chan23,Chan24,Chan25,Chan26,Chan27,Chan28,Chan29,Chan30,Chan31,Chan32,Chan33
0.00000,0.12839,0.00127,-0.31222,0.09143,-0.01109,-0.00251,0.06364,-0.00461,-0.31689,-0.11410,0.08442,0.09517,0.16770,-0.33138,-1.24859,-0.13380,1.35478,0.34104,1.13897,-0.57233,-0.75080,1.33004,-0.44348,-0.34934,-0.84583,-0.48872,-0.22894,-0.32664,0.43419,0.37376,-0.80943,-0.05461,-0.50616
0.00200,0.11375,-0.04178,-0.25270,0.02941,-0.01352,0.10439,0.04041,0.10021,-0.42924,-0.25096,0.25296,0.38084,0.01169,0.06596,-2.11187,-0.54941,2.85906,-0.48085,1.69494,-0.89059,0.23981,4.74747,-0.31244,-0.89401,-0.26087,-1.23175,0.09787,-0.23969,0.34634,0.62643,-1.03963,-0.33699,-1.47667
0.00400,0.03679,-0.05395,-0.18659,0.00608,0.08896,0.06059,-0.77080,0.02417,-0.08489,-0.29875,0.23009,0.20452,0.01481,0.29671,-2.16727,-0.40205,2.15308,-0.45490,0.09332,-0.63701,0.77522,4.05871,-0.47873,-1.16793,0.11411,-1.33675,-0.05353,-0.01213,-1.29641,0.27294,-0.38646,-0.46026,-1.33198
0.00600,0.06744,-0.04135,0.02868,-0.02732,0.07746,-0.02538,0.03123,-0.51277,0.08104,-0.28883,-0.43119,-0.20318,0.07955,-0.52326,-0.90993,-0.43668,0.64649,2.47975,-2.42185,0.28841,0.90582,-0.07303,-0.51128,-0.99474,-0.59041,-0.60292,-0.59562,0.28007,0.32535,-1.09171,0.21220,-0.49893,0.68652
0.00800,0.11855,-0.01114,-0.23088,0.11485,0.00660,-0.05987,0.13040,-0.79085,-0.04354,-0.36741,-0.32883,-0.16079,0.22031,-0.69799,0.34500,-0.67141,-0.06341,3.40269,-2.50252,0.04013,2.53618,0.15064,-0.92202,-0.43521,-1.37503,0.48409,-1.05701,0.32098,0.57153,-1.71583,-0.07125,-1.35885,1.46184
0.01000,0.14100,0.01519,-0.34032,0.20984,0.00767,-0.25673,0.05014,-0.16611,-0.12378,-0.44595,-0.45870,0.02854,0.30388,-0.64559,-0.48491,-0.12853,-0.37452,0.36428,-1.93022,-0.10581,2.35370,-0.15064,-1.14599,-0.08429,-1.50512,0.11472,-0.61666,-0.54645,0.44448,0.10458,-0.21588,-1.23310,-0.04299
0.01200,0.10797,0.01085,-0.24654,0.13299,0.01310,0.06741,-0.47872,0.14246,-0.15336,0.25217,-0.27433,0.19246,-0.10521,-0.15777,-1.68502,0.79533,2.29612,-3.97991,1.78227,-0.15576,0.58816,-0.33554,-0.96003,-0.71185,-0.76215,-0.87467,0.15753,-0.16137,-0.77568,0.47706,-0.26982,0.80863,0.00518
0.01400,0.03056,-0.02098,0.27333,0.01554,0.00394,0.08931,-0.83780,0.01310,-0.48118,0.54735,-0.09624,0.35170,-0.16483,0.01764,-2.51616,0.86845,3.04384,-3.50853,-0.25405,-1.74590,0.91117,-0.82037,-0.42878,-1.41829,0.45328,-1.68422,0.37757,-0.09206,-1.37628,0.16524,-1.42002,1.68497,0.23806
0.01600,-0.01506,-0.02120,0.23807,-0.00483,0.24792,-0.00685,-0.03621,-0.08369,-0.35279,-0.11310,0.03091,0.42028,-0.14507,-0.40942,-1.49491,-0.42549,0.96444,-3.04901,-1.39102,-1.06157,0.71008,-1.07770,-0.11735,-1.54106,0.00086,-1.13181,0.11067,0.26277,0.27800,-0.06183,-1.01010,-0.25716,0.45395
0.01800,0.06576,0.00089,-0.05282,-0.03269,0.02559,-0.22851,0.14924,-0.13131,0.32579,-0.02179,0.10903,-0.39875,0.00098,-0.68406,0.35697,0.06248,-2.99811,3.27242,-1.71274,1.39332,-0.02105,-0.90954,-0.71900,-0.77983,-1.06250,-0.05499,-0.78852,-0.06207,0.53743,-0.17279,0.66161,0.00372,0.55655
0.02000,0.14766,0.08802,-0.34628,-0.02860,0.00040,-0.33122,0.04669,-0.75699,0.54537,0.14726,0.14010,-0.09330,0.06444,-0.75050,0.92980,0.14382,-2.66176,-0.36489,-7.61168,1.96916,-0.60850,-0.37679,-1.30746,0.27401,-1.91661,0.31379,-0.85856,-0.30572,0.41370,-1.09414,1.47841,0.26193,0.58141
0.02200,0.15209,0.06648,-0.28428,0.46463,0.02309,-0.01881,-0.03685,-0.43909,-0.04380,0.28306,0.12111,0.12610,-0.12398,-0.38229,-1.30602,1.24945,-1.74144,-2.39620,-5.85820,1.16567,-0.83242,-0.05351,-1.39052,-0.17918,-1.32482,0.18253,0.04391,0.30623,0.28809,-0.60312,0.02594,0.44530,0.53117
0.02400,0.06218,0.02067,-0.09103,-0.00475,0.12356,0.09563,-0.07608,0.81544,0.02124,0.30735,-0.15593,0.28073,-0.21644,0.25341,-1.60540,0.42266,3.39951,-3.00148,2.21299,0.30745,-0.66740,-0.60762,-0.66255,-1.12430,-0.16584,-1.26833,0.64813,-0.00727,0.19042,0.44731,-0.10142,0.52980,0.00650
0.02600,-0.05174,-0.00754,-0.01422,-0.05767,0.26192,-0.00080,-0.53970,1.29267,0.12273,0.24372,0.04788,-0.31281,-0.20557,0.42866,-1.88477,0.08714,0.73589,-12.78854,3.05824,0.02886,-0.15187,-1.28202,0.11821,-1.88591,0.25044,-1.49989,0.69895,0.33734,-0.51114,1.09071,0.12231,0.54996,0.25484
0.02800,-0.02452,0.00318,0.36757,-0.06916,0.05024,-0.07638,-0.26050,0.18152,0.19932,0.18269,0.16953,-0.61390,-0.12550,-0.92039,0.45548,1.04899,-0.91667,-10.12012,1.20096,0.04947,0.18773,-1.40485,-0.23669,-1.25595,-0.20302,-0.19845,0.17716,0.48691,-0.02153,-0.39468,0.39643,0.48070,0.41055
0.03000,0.09038,0.02597,-0.20463,0.26643,-0.01615,-0.10871,0.65674,0.07564,0.20448,-0.01075,0.19093,-0.35031,0.03000,-0.45163,1.80201,1.23849,-1.57174,2.12481,0.67190,0.15480,-0.49709,-0.69249,-1.02327,-0.05221,-1.45834,1.20894,-0.65413,0.46610,-0.25708,-0.22833,0.56216,0.04072,0.36132
0.03200,0.18972,0.03750,-0.31215,0.50035,0.02226,-0.32391,1.06595,0.13824,0.15833,0.19634,-0.28145,0.10365,0.07698,-0.39726,0.67665,1.98603,-9.33426,3.12664,1.01666,0.37360,-1.10653,0.26660,-1.67765,0.35036,-1.79035,1.17438,0.18646,0.84107,0.11853,0.18104,0.66082,0.22557,-0.30260
0.03400,0.11685,0.13345,-0.06344,0.02849,0.04345,-0.21581,0.18450,0.24487,0.11211,0.29603,-0.25152,0.24320,-0.27035,0.30971,1.97922,2.11993,-6.81054,0.47729,1.39546,0.51602,-1.20049,-0.08224,-1.06477,-0.61629,-0.30135,0.40260,0.65966,0.95360,-0.54203,0.53342,0.64859,0.33524,-0.18801
0.03600,-0.01399,0.00247,0.46202,-0.19235,0.04242,0.34709,0.01890,0.28768,-0.01289,0.19076,-0.04654,0.34089,-0.16756,0.12928,-1.16828,1.85881,0.28299,0.75339,1.35620,-0.20110,-0.55901,-0.96071,0.06531,-1.32919,1.39556,-1.25668,0.75202,-0.30285,-0.41721,0.64905,-0.20141,0.30141,0.06438
0.03800,-0.05811,0.01175,0.57091,-0.13940,0.21259,0.46894,0.08312,0.30091,0.12583,-0.21204,0.16204,0.34753,-0.09232,-0.46676,1.21538,1.78795,0.76671,1.89477,1.02237,-0.26106,0.42826,-1.70632,0.41863,-1.66223,1.09996,0.04263,2.04905,0.09333,-0.06331,0.58715,0.15930,-0.34822,0.30808
0.04000,-0.06250,0.01892,0.12658,-0.07140,0.12512,-0.01417,0.21103,0.28235,0.17625,-0.17130,0.20792,-1.21205,0.00423,0.33776,2.41109,2.74942,-1.19679,2.64725,0.78401,-0.20752,-0.05819,-1.13021,-0.63050,-0.06604,0.86657,0.79177,1.82540,-0.59278,0.25394,0.47118,0.39582,-0.13937,0.26076
0.04200,0.14154,0.06557,-0.21670,-0.02557,-0.22739,0.06050,0.27084,-0.11672,0.11654,0.03071,0.18330,0.07917,-0.21759,0.06379,2.62546,-2.06748,0.03683,2.49325,0.32683,0.01351,-0.87503,-0.02296,-1.13671,1.40403,-1.63166,0.99815,-0.01230,-0.41892,0.41611,-0.28644,0.43560,0.07737,0.06698
0.04400,0.17348,0.11898,0.02989,0.39048,-0.27274,0.12691,0.29552,0.04831,-0.17494,0.24190,0.15203,0.28582,-0.33946,0.60961,7.22955,-2.32997,1.30275,1.62487,1.11858,0.12077,-1.46286,0.33578,-1.42550,0.83125,-0.00043,3.56231,0.56805,-0.27850,0.45563,0.34414,-0.43452,0.21794,-0.01071
0.04600,0.00700,-0.06243,0.17043,0.11263,-0.26446,0.16396,0.28790,0.13167,-0.15865,0.18143,-0.36147,0.34416,-0.35272,0.83929,6.71754,-2.04527,1.92345,0.97404,1.35592,-0.26394,-0.98126,-0.32099,0.08865,1.34196,0.91591,2.95484,-0.15806,-0.14370,0.40340,0.63837,-0.48238,0.17577,-0.04061
0.04800,-0.19364,0.02784,0.21661,-0.49147,-0.06933,0.13750,-0.17963,0.13976,0.00198,-0.00301,0.10521,-0.54466,0.11609,0.83174,-1.07827,-1.01438,1.81135,0.92732,0.85243,-0.39542,-0.02871,-1.18963,1.30318,-1.39280,1.17678,0.37527,-0.32293,0.02904,-0.38155,0.53503,-0.13375,0.01872,0.05168
0.05000,-0.20645,0.00990,0.84182,-0.66283,-0.02386,0.06622,0.03151,-0.24026,0.16099,-0.05414,0.17351,-1.18646,0.05483,1.08289,-1.15828,-0.80291,1.09272,2.57313,-0.48694,-0.31047,0.29952,-1.48243,0.74328,0.37447,4.94291,0.88654,-0.54004,0.23688,0.18448,-0.76601,0.29547,-0.06221,0.19460
0.05200,-0.10342,0.01340,0.64615,-0.17921,-0.03997,0.01574,0.14678,-0.33314,0.11946,-0.24599,0.16520,0.14473,0.01348,1.48108,-0.20384,-0.86391,0.46558,2.99636,-0.50544,-0.18649,-0.33631,-0.03746,1.42070,1.29959,4.02259,0.41772,-0.59388,0.29068,0.48277,-0.81649,0.32897,0.10971,-0.10909
0.05400,0.17416,0.02150,-0.21659,-0.07483,-0.04817,0.00543,0.16591,-0.15946,0.00901,0.06383,-0.16624,0.40428,-0.01071,0.18323,-0.83443,-0.67011,0.66983,1.77919,0.47336,0.04491,-1.04591,1.29988,-1.15893,1.51568,0.53801,-0.14203,-0.35710,-0.37127,0.49981,-0.13824,0.22298,-0.00118,-0.58377
0.05600,-0.01158,-0.09922,-0.47382,-0.04829,-0.05649,0.10602,-0.26285,0.07129,-0.03374,0.11154,-0.32041,0.38730,-0.79008,0.43661,-1.64357,-0.29134,2.15947,-1.19480,1.51923,0.12734,-1.21254,0.92803,0.52451,5.60779,1.02850,-0.69297,0.13235,-0.22555,-0.69388,0.60733,0.16022,0.10414,-0.38957
0.05800,-0.12237,-0.08351,0.10481,-0.06198,-0.07304,0.12039,-0.41062,0.07573,-0.27251,-0.09573,0.22153,0.33780,-0.42831,0.40414,-1.99620,-0.21406,2.49608,-0.56845,1.05295,-0.63168,-0.07351,1.08690,1.38534,4.78132,0.37916,-0.91353,0.37485,-0.07522,-0.77840,0.57217,-0.67385,-0.14126,-0.60965
0.06000,-0.15452,-0.08823,0.04091,-0.06689,0.03417,0.04972,-0.20450,0.03396,0.07872,-0.30301,0.07150,0.28389,0.83935,-0.22098,-1.62384,-0.51573,1.57298,1.56930,0.10917,-0.27078,0.88928,-1.20000,1.56062,0.07948,-0.14088,-0.69388,-0.41854,0.16395,-0.18310,0.28458,0.07609,-0.53179,-0.02311
0.06200,-0.58629,-0.16702,-0.13535,-0.07962,0.00844,-0.13730,0.09335,0.00838,0.12915,-0.34499,0.12188,-0.41310,1.22983,-0.57631,-0.64104,-0.53853,-1.49609,3.47825,-0.22334,-0.13679,0.53580,0.35617,5.42855,0.31942,-0.76002,-0.08806,-0.78252,-0.39753,0.49425,0.14876,0.29576,-0.22830,-0.35812
0.06400,-0.46107,0.13348,-0.27835,-0.08233,-0.01376,-0.13335,0.11702,-0.63810,-0.00802,-0.07585,0.14039,0.10654,0.62490,-0.63754,-0.04186,-0.53836,-0.61684,2.43065,-0.86455,-0.00474,0.45305,1.17319,4.69669,-0.03522,-1.02980,0.27914,-0.76301,-0.43426,0.55514,-1.44173,0.08402,-0.62282,-0.49230
0.06600,0.05143,0.02095,-0.31147,0.08155,-0.01462,-0.00153,0.08506,-0.00431,-0.30099,-0.13317,0.12641,0.15449,0.17104,-0.43083,-1.26147,0.03521,1.46528,0.29803,0.98629,-0.40575,-0.83915,1.35591,-0.41221,-0.32216,-0.84003,-0.48148,-0.20104,-0.30640,0.42815,0.35191,-0.77208,-0.06910,-0.51515
0.06800,0.02877,-0.04312,-0.26011,0.03703,-0.02786,0.12241,0.06512,0.09086,-0.38525,-0.25109,0.25955,0.43522,0.00343,0.02258,-2.15420,-0.67902,3.10062,-0.49298,1.50348,-0.72562,0.24468,4.83279,-0.28847,-0.87638,-0.24454,-1.19443,0.06423,-0.14954,0.33039,0.60326,-0.94436,-0.35470,-1.48572
0.07000,0.03673,-0.07255,-0.19906,0.02507,0.06927,0.07144,-0.82234,0.00733,-0.08826,-0.28764,0.27290,0.24904,0.00119,0.28966,-2.22682,-0.41870,2.30544,-0.46778,0.08681,-0.53259,0.82918,4.13118,-0.44570,-1.15146,0.13554,-1.28873,-0.06931,0.06009,-1.35275,0.24963,-0.41856,-0.47838,-1.34297
0.07200,0.04116,-0.06752,0.04129,-0.00705,0.06485,-0.02874,0.01819,-0.49432,0.08165,-0.27450,-0.42320,-0.16986,0.06909,-0.60282,-0.93810,-0.23111,0.62339,2.38259,-2.23863,0.17360,0.97286,-0.16611,-0.49936,-0.98062,-0.58218,-0.56699,-0.56625,0.30437,0.34999,-1.08310,0.18512,-0.51582,0.66046
0.07400,0.08967,-0.03589,-0.21477,0.09566,0.00116,-0.06603,0.12938,-0.75268,-0.05204,-0.29124,-0.31542,-0.14097,0.22097,-0.82683,0.32868,-0.29641,-0.13573,3.27836,-2.37154,0.06728,2.88531,0.06204,-0.92688,-0.42334,-1.37637,0.45487,-0.99168,0.32753,0.60282,-1.68369,-0.09039,-1.36718,1.40079
0.07600,0.11853,-0.00559,-0.32518,0.19287,0.00056,-0.28985,0.06451,-0.16910,-0.13428,-0.38680,-0.41053,0.03599,0.31108,-0.77525,-0.46567,0.12531,-0.38734,0.30829,-1.77920,0.00113,2.62273,-0.25493,-1.15921,-0.07127,-1.50639,0.10239,-0.56866,-0.63903,0.43869,0.05721,-0.22692,-1.25409,-0.04865
0.07800,0.09971,0.01453,-0.24178,0.13298,0.00603,0.07799,-0.50466,0.12927,-0.16261,0.20463,-0.28095,0.19020,-0.11176,-0.21452,-1.68128,0.81092,2.42733,-3.88378,1.61668,-0.02661,0.54891,-0.38363,-0.97615,-0.69843,-0.75618,-0.84776,0.16768,-0.09401,-0.83160,0.45201,-0.27810,0.82632,0.00733
0.08000,0.04187,-0.04842,0.27380,0.03399,-0.00469,0.10305,-0.88522,-0.00365,-0.48624,0.50414,-0.11959,0.34292,-0.18867,0.04145,-2.55717,0.79518,3.22698,-3.44507,-0.21469,-1.26912,0.84639,-0.83710,-0.44242,-1.41242,0.46799,-1.62518,0.37255,-0.00329,-1.45504,0.13350,-1.41267,1.70658,0.25118
0.08200,0.00677,-0.06441,0.25336,0.01612,0.20133,-0.00986,-0.04456,-0.10165,-0.37473,-0.15800,0.01048,0.41001,-0.17271,-0.44013,-1.51216,-0.37835,0.91049,-3.01596,-1.24040,-0.67718,0.65759,-1.07976,-0.12630,-1.53753,0.02130,-1.08327,0.08832,0.29420,0.27207,-0.09113,-1.02522,-0.24706,0.47181
0.08400,0.04856,-0.03515,-0.03146,-0.01646,0.02289,-0.25067,0.15397,-0.14760,0.27874,-0.04934,0.10021,-0.37569,-0.01312,-0.78835,0.38846,0.32640,-3.25729,3.14501,-1.53341,1.28289,-0.03591,-0.90306,-0.72495,-0.78253,-1.05341,-0.03377,-0.73750,-0.14739,0.55493,-0.19688,0.65668,0.01247,0.56590
0.08600,0.13374,0.11105,-0.32612,-0.01550,-0.00004,-0.37181,0.05991,-0.74662,0.47782,0.13139,0.15147,-0.08692,0.07411,-0.90246,0.96397,0.47945,-2.87938,-0.41027,-6.95481,1.82104,-0.63963,-0.36877,-1.32630,0.29459,-1.91987,0.32155,-0.79687,-0.43505,0.39965,-1.14835,1.48560,0.26734,0.57034
0.08800,0.14916,0.08448,-0.27150,0.44554,0.02153,-0.01861,-0.01926,-0.44829,-0.06284,0.27531,0.14540,0.11880,-0.11939,-0.47207,-1.24575,1.27310,-1.98777,-2.38791,-5.30758,1.14183,-0.88499,-0.05116,-1.41514,-0.16285,-1.32605,0.18189,0.06124,0.31799,0.25488,-0.66270,-0.00663,0.44769,0.51054
0.09000,0.07665,0.00477,-0.09190,0.00581,0.09052,0.10348,-0.05978,0.81484,0.01790,0.30666,-0.18607,0.26768,-0.23372,0.27385,-1.59590,0.07965,3.50800,-2.96680,2.16095,0.26913,-0.72554,-0.62482,-0.68122,-1.11988,-0.16246,-1.22253,0.59694,0.06799,0.15251,0.50272,-0.09963,0.53013,0.01318
0.09200,-0.04757,-0.05857,-0.01941,-0.03879,0.20798,-0.00702,-0.55778,1.27155,0.12634,0.24841,0.02015,-0.29063,-0.24257,0.48556,-1.88665,-0.16064,0.59257,-12.52111,3.00742,-0.05601,-0.20359,-1.27443,0.13223,-1.88897,0.25483,-1.43642,0.64281,0.35871,-0.59815,1.16572,0.12451,0.54920,0.28265
0.09400,-0.02905,-0.04319,0.40489,-0.05710,0.04067,-0.09040,-0.25400,0.18010,0.20252,0.18789,0.15058,-0.58777,-0.15282,-1.00903,0.52005,0.78796,-1.18182,-9.92787,1.19708,-0.06531,0.14190,-1.38421,-0.23827,-1.26559,-0.14521,-0.17453,0.17483,0.47446,-0.09403,-0.31973,0.38910,0.47988,0.44140
0.09600,0.08323,0.00016,-0.18979,0.24764,0.00087,-0.12330,0.67647,0.08768,0.20460,-0.02802,0.19439,-0.33538,0.02324,-0.55137,1.87925,1.53458,-1.85430,2.20901,0.62705,0.05159,-0.50731,-0.67000,-1.04105,-0.06978,-1.46408,1.15284,-0.60007,0.44221,-0.19277,-0.20304,0.55255,0.04792,0.36960
0.09800,0.18803,0.02079,-0.29920,0.47624,0.03069,-0.35952,1.12866,0.14741,0.15153,0.19045,-0.27991,0.10221,0.07750,-0.51793,0.77478,1.93284,-10.18534,3.18795,0.90476,0.31447,-1.15594,0.22258,-1.70522,0.33444,-1.79192,1.12922,0.19713,0.69771,0.20510,0.18432,0.65416,0.22604,-0.31144
0.10000,0.12869,0.15075,-0.06472,0.02994,0.04147,-0.24462,0.18703,0.24561,0.10153,0.29899,-0.28227,0.23226,-0.26109,0.33346,2.06240,1.87215,-7.56216,0.62992,1.24993,0.48691,-1.26725,-0.10864,-1.08772,-0.58793,-0.30577,0.36658,0.64300,0.85615,-0.54784,0.53106,0.64142,0.33211,-0.19794
0.10200,0.01378,-0.03439,0.47043,-0.18296,0.03407,0.37161,0.00472,0.27910,0.00252,0.19971,-0.08087,0.32504,-0.19764,0.25460,-1.11277,1.55404,0.53145,0.79304,1.23211,-0.23912,-0.60884,-0.95882,0.05590,-1.34268,1.39911,-1.19104,0.72539,-0.34015,-0.40389,0.64986,-0.18155,0.29676,0.07870
0.10400,-0.02656,-0.04212,0.60030,-0.13507,0.15873,0.49174,0.07155,0.28162,0.14146,-0.23240,0.14199,0.33013,-0.12853,-0.41946,1.32566,0.64472,1.10793,1.85507,0.96575,-0.36879,0.44458,-1.68431,0.41562,-1.67792,1.14009,0.05747,1.93347,0.04237,-0.03106,0.59964,0.15475,-0.34016,0.34761
0.10600,-0.05768,-0.00515,0.12667,-0.06892,0.10119,0.00928,0.21027,0.25899,0.19020,-0.19104,0.20467,-1.16848,-0.00711,0.48612,2.53568,1.80476,-1.03757,2.57360,0.77131,-0.33091,-0.03969,-1.10228,-0.65335,-0.09463,0.81675,0.77696,1.73690,-0.61434,0.29684,0.49335,0.37967,-0.12850,0.28605
0.10800,0.14257,0.10750,-0.21620,-0.02425,-0.13594,0.06995,0.28397,-0.10006,0.12055,0.02035,0.20545,0.08335,-0.19531,-0.02991,2.73732,-1.92869,0.13352,2.41802,0.25135,-0.05242,-0.90091,0.00205,-1.15493,1.40300,-1.63029,0.97177,-0.04022,-0.43327,0.45209,-0.27810,0.42290,0.08128,0.06406
0.11000,0.18396,0.16388,0.02128,0.37240,-0.14831,0.13701,0.32634,0.05480,-0.16777,0.24188,0.18139,0.28829,-0.31251,0.67517,7.42012,-2.13476,1.44960,1.57723,0.95580,0.17184,-1.53960,0.35494,-1.44981,0.84858,-0.01329,3.38130,0.52349,-0.26011,0.47131,0.33147,-0.42129,0.21327,-0.02062
0.11200,0.03074,-0.04686,0.15887,0.10068,-0.24350,0.17783,0.32537,0.12861,-0.13678,0.18936,-0.43256,0.33467,-0.35288,0.98773,6.92289,-2.08558,2.12149,0.95723,1.17884,-0.23400,-1.04153,-0.34782,0.08245,1.30262,0.89986,2.82110,-0.20255,-0.10088,0.40574,0.62194,-0.44231,0.16893,-0.07599
0.11400,-0.18356,-0.01780,0.20564,-0.52014,-0.05218,0.14893,-0.20207,0.12647,0.02556,0.01077,0.09616,-0.54950,0.08340,0.99883,-1.28943,-0.94391,1.99738,0.90265,0.76339,-0.45466,-0.04946,-1.17164,1.31886,-1.42188,1.16111,0.34439,-0.32916,0.07240,-0.37488,0.52719,-0.11576,0.01108,0.08114
0.11600,-0.19655,-0.00192,0.83768,-0.68238,-0.00704,0.07064,0.01772,-0.22684,0.17958,-0.03990,0.17554,-1.16781,0.04701,1.60163,-1.43894,-0.59195,1.21849,2.47714,-0.43675,-0.45124,0.29303,-1.45938,0.73917,0.33299,4.85908,0.86828,-0.51624,0.26040,0.21725,-0.73064,0.27579,-0.06926,0.22523
0.11800,-0.10319,0.01918,0.62684,-0.20330,-0.02145,0.01755,0.14492,-0.31115,0.13046,-0.27619,0.19091,0.09880,0.02037,1.94115,-0.39960,-0.58166,0.55535,2.88031,-0.50532,-0.28042,-0.31579,-0.01156,1.43814,1.25758,3.94741,0.37394,-0.55760,0.30041,0.52031,-0.79132,0.30906,0.13130,-0.10687
0.12000,0.18762,0.03307,-0.25825,-0.09269,-0.03209,0.00520,0.18128,-0.14564,0.00679,0.06282,-0.17986,0.42945,0.00060,0.10008,-0.89973,-0.42123,0.74248,1.69979,0.35564,0.04414,-1.09686,1.29097,-1.17370,1.47921,0.53703,-0.15765,-0.32790,-0.37620,0.51479,-0.14154,0.21017,-0.00665,-0.60275
0.12200,0.00922,0.01368,-0.52898,-0.05561,-0.04394,0.11658,-0.27998,0.07074,-0.03953,0.11203,-0.37912,0.38455,-0.72700,0.33848,-1.68068,-0.16224,2.32791,-1.10572,1.30552,0.15867,-1.29244,0.91065,0.52865,5.55617,1.04025,-0.67830,0.13730,-0.17364,-0.72239,0.58322,0.14842,0.09588,-0.43157
0.12400,-0.09474,-0.00037,0.07394,-0.06045,-0.06360,0.13408,-0.43748,0.06704,-0.22146,-0.08384,0.23080,0.31815,-0.38028,0.40137,-2.04809,-0.16928,2.69470,-0.54422,0.91174,-0.58592,-0.08963,1.13024,1.39826,4.71538,0.39926,-0.88176,0.36320,-0.00275,-0.80236,0.55082,-0.57385,-0.15108,-0.58406
0.12600,-0.12546,-0.04011,0.03509,-0.05855,0.02967,0.05496,-0.22648,0.01753,0.09134,-0.30033,0.09921,0.25897,0.84751,-0.27569,-1.67902,-0.38629,1.67887,1.49459,0.10658,-0.36420,0.98229,-1.19114,1.57633,0.14667,-0.13683,-0.65816,-0.40718,0.21041,-0.17513,0.27378,0.06033,-0.52584,-0.00781
0.12800,-0.58118,-0.12098,-0.12626,-0.06648,0.00977,-0.14040,0.08374,-0.00875,0.13954,-0.35792,0.16065,-0.53192,1.25224,-0.68791,-0.69469,-0.24120,-1.52495,3.33707,-0.17811,-0.26165,0.62634,0.37880,5.48971,0.40686,-0.76068,-0.05994,-0.73483,-0.44208,0.53193,0.14489,0.26976,-0.20973,-0.36013
0.13000,-0.44507,0.15374,-0.26505,-0.06907,-0.01295,-0.14509,0.12054,-0.60256,-0.01254,-0.04116,0.18199,0.01471,0.62404,-0.77169,-0.10396,-0.20908,-0.63217,2.31847,-0.89099,-0.00632,0.53785,1.20068,4.75305,0.02265,-1.03090,0.29707,-0.70833,-0.48012,0.57713,-1.39219,0.06647,-0.63561,-0.50473
0.13200,-0.05090,0.03869,-0.30138,0.07125,-0.01507,-0.00263,0.10365,-0.00405,-0.28793,-0.14318,0.16571,0.21688,0.16308,-0.54136,-1.25562,0.20753,1.55714,0.25689,0.83574,-0.24677,-0.92011,1.38048,-0.37576,-0.29380,-0.83577,-0.47573,-0.17389,-0.28786,0.41867,0.32611,-0.73578,-0.07898,-0.52847
0.13400,-0.08583,-0.04770,-0.26090,0.03979,-0.04329,0.13726,0.08620,0.08206,-0.34399,-0.24054,0.25411,0.49034,-0.01263,-0.02600,-2.15711,-0.80282,3.30717,-0.49817,1.31371,-0.56804,0.24828,4.90516,-0.25423,-0.85718,-0.23015,-1.15508,0.02985,-0.06265,0.31117,0.57643,-0.84816,-0.36669,-1.49264
0.13600,0.03602,-0.09506,-0.20713,0.03661,0.04632,0.08059,-0.86046,-0.00704,-0.09639,-0.26638,0.30908,0.29152,-0.01716,0.28189,-2.24477,-0.43799,2.43522,-0.48623,0.07918,-0.42984,0.87688,4.19498,-0.41134,-1.13292,0.15487,-1.23709,-0.08756,0.13048,-1.40439,0.22714,-0.44706,-0.49006,-1.35429
0.13800,0.00724,-0.09703,0.05571,0.00815,0.05119,-0.03123,0.00736,-0.47487,0.07836,-0.25158,-0.39370,-0.13069,0.05645,-0.68752,-0.94255,-0.02539,0.60114,2.27272,-2.05345,0.06341,1.03222,-0.25257,-0.48677,-0.96442,-0.57345,-0.52795,-0.53686,0.32948,0.37076,-1.06770,0.15727,-0.52616,0.63521
0.14000,0.05191,-0.06242,-0.19068,0.07887,-0.00122,-0.07066,0.12896,-0.71686,-0.06608,-0.20810,-0.26963,-0.11795,0.22128,-0.97222,0.29288,0.08805,-0.19914,3.13631,-2.23206,0.09472,3.20851,-0.02295,-0.93128,-0.40975,-1.37649,0.41933,-0.92316,0.33612,0.62805,-1.64104,-0.11191,-1.37748,1.33711
0.14200,0.08838,-0.02717,-0.29965,0.17751,-0.00382,-0.32365,0.07687,-0.16693,-0.15067,-0.31686,-0.34674,0.04143,0.31829,-0.92364,-0.44499,0.38145,-0.39896,0.25833,-1.63110,0.10571,2.87026,-0.34737,-1.17172,-0.05678,-1.50662,0.08622,-0.51946,-0.72821,0.42921,0.00525,-0.24183,-1.27089,-0.06616
0.14400,0.08758,0.01621,-0.23078,0.13073,-0.00028,0.08648,-0.52673,0.11534,-0.17725,0.13742,-0.28471,0.18279,-0.12779,-0.28274,-1.64391,0.81558,2.53347,-3.76368,1.45064,0.09901,0.50910,-0.42742,-0.99086,-0.68378,-0.74943,-0.82056,0.17578,-0.02960,-0.88446,0.42572,-0.29083,0.83639,0.01023
0.14600,0.05489,-0.07898,0.26896,0.04571,-0.01273,0.11477,-0.92158,-0.01816,-0.49892,0.43079,-0.14077,0.32732,-0.21413,0.07463,-2.54367,0.71041,3.37957,-3.36635,-0.17816,-0.80613,0.78192,-0.85257,-0.45343,-1.40487,0.48272,-1.56290,0.36492,0.08312,-1.52716,0.10272,-1.40150,1.71972,0.26867
0.14800,0.03347,-0.11084,0.26574,0.03177,0.14816,-0.01206,-0.05506,-0.11562,-0.40519,-0.21360,-0.00412,0.39236,-0.19793,-0.46646,-1.49077,-0.34586,0.85549,-2.95671,-1.09337,-0.30361,0.60094,-1.08149,-0.13220,-1.53205,0.04207,-1.03140,0.05642,0.32515,0.26688,-0.11731,-1.04054,-0.22931,0.49325
0.15000,0.02722,-0.07231,-0.00626,-0.00107,0.02057,-0.27154,0.15890,-0.15943,0.24841,-0.08070,0.09921,-0.34296,-0.02198,-0.90445,0.42814,0.58817,-3.48605,3.00932,-1.35755,1.17386,-0.05086,-0.89707,-0.73059,-0.78414,-1.04232,-0.01064,-0.68400,-0.23036,0.56580,-0.21692,0.65477,0.01769,0.57576
0.15200,0.11536,0.13464,-0.29582,-0.00220,0.00119,-0.41158,0.07090,-0.72450,0.43414,0.11158,0.17195,-0.08106,0.07373,-1.07972,0.99272,0.81339,-3.07066,-0.43921,-6.30287,1.67928,-0.66621,-0.36177,-1.34591,0.31560,-1.91992,0.33020,-0.73313,-0.56075,0.38245,-1.20237,1.49361,0.26757,0.55468
0.15400,0.14437,0.10176,-0.25150,0.42704,0.01896,-0.01813,-0.00511,-0.44703,-0.07327,0.26104,0.17970,0.10517,-0.12868,-0.58083,-1.16707,1.27896,-2.21564,-2.35179,-4.76472,1.10915,-0.93057,-0.04932,-1.44043,-0.14553,-1.32446,0.17698,0.07776,0.32515,0.22016,-0.72148,-0.04670,0.44695,0.48209
0.15600,0.09422,-0.01316,-0.09262,0.01409,0.05310,0.11080,-0.04711,0.80185,0.01836,0.29864,-0.22148,0.24677,-0.25624,0.28822,-1.54188,-0.27742,3.59013,-2.90291,2.10255,0.22876,-0.77717,-0.64133,-0.69961,-1.11408,-0.15686,-1.17486,0.54273,0.14165,0.11336,0.55136,-0.09597,0.53028,0.02323
0.15800,-0.04054,-0.11246,-0.02665,-0.02358,0.14664,-0.01160,-0.57939,1.23699,0.13279,0.24602,-0.00763,-0.25887,-0.27432,0.54221,-1.83244,-0.42917,0.45425,-12.17035,2.94511,-0.13810,-0.25176,-1.26685,0.14679,-1.89031,0.26079,-1.37038,0.57750,0.37896,-0.67318,1.23283,0.13150,0.55201,0.31537
0.16000,-0.03265,-0.09078,0.43957,-0.04321,0.02985,-0.10172,-0.25394,0.17387,0.20937,0.18601,0.13531,-0.54465,-0.17169,-1.09271,0.59908,0.51389,-1.42419,-9.65929,1.19186,-0.17482,0.09732,-1.36418,-0.23866,-1.27429,-0.08699,-0.14906,0.17742,0.46200,-0.15950,-0.24040,0.38611,0.48499,0.47529
0.16200,0.07479,-0.02393,-0.17007,0.23365,0.01600,-0.13515,0.69296,0.09436,0.20853,-0.04402,0.20207,-0.31315,0.02717,-0.67269,1.90982,1.81352,-2.10923,2.27256,0.58372,-0.04613,-0.51523,-0.64874,-1.05913,-0.08789,-1.46542,1.09306,-0.54490,0.41910,-0.12260,-0.17904,0.54451,0.04931,0.37649
0.16400,0.18483,0.00651,-0.27942,0.45565,0.03562,-0.39117,1.18057,0.15245,0.14855,0.18317,-0.28164,0.09379,0.08800,-0.66681,0.84545,1.85171,-10.94034,3.22228,0.79525,0.25919,-1.19745,0.18224,-1.73468,0.31766,-1.78807,1.07963,0.20762,0.55034,0.30152,0.18326,0.64432,0.22339,-0.32464
0.16600,0.14290,0.16601,-0.06785,0.03470,0.03586,-0.26866,0.18614,0.24386,0.09493,0.29840,-0.32362,0.21222,-0.27984,0.34708,2.10725,1.59412,-8.23390,0.76832,1.10603,0.45976,-1.32463,-0.13463,-1.11208,-0.55680,-0.30604,0.33343,0.62493,0.75546,-0.55834,0.52335,0.62825,0.32905,-0.20779
0.16800,0.04881,-0.07206,0.46859,-0.17071,0.02274,0.39858,-0.00588,0.26990,0.01737,0.20642,-0.12230,0.30050,-0.21987,0.40446,-0.99524,1.22281,0.76895,0.82261,1.10820,-0.27713,-0.65318,-0.95756,0.04598,-1.35576,1.40136,-1.12514,0.69725,-0.37348,-0.38984,0.64693,-0.15800,0.29554,0.09699
0.17000,0.01359,-0.09679,0.62073,-0.12430,0.09997,0.52168,0.06378,0.26360,0.15696,-0.25182,0.12316,0.30472,-0.15304,-0.34774,1.44510,-0.52715,1.43738,1.80033,0.90701,-0.47188,0.45601,-1.66228,0.41238,-1.69288,1.17839,0.07288,1.82025,-0.00369,0.00189,0.61209,0.15521,-0.33209,0.39172
0.17200,-0.04715,-0.02651,0.12081,-0.05931,0.07180,0.03339,0.21055,0.23771,0.20461,-0.20657,0.20341,-1.08965,-0.00368,0.64766,2.63781,0.82207,-0.87573,2.48068,0.75539,-0.44810,-0.02330,-1.07508,-0.67181,-0.12465,0.76703,0.76260,1.65054,-0.62510,0.33917,0.51781,0.36704,-0.12346,0.31281
0.17400,0.14311,0.15202,-0.21465,-0.01656,-0.04621,0.07772,0.29485,-0.08699,0.12468,0.01330,0.22882,0.08182,-0.18070,-0.15692,2.81501,-1.74974,0.22313,2.32549,0.18079,-0.11418,-0.92169,0.02585,-1.17564,1.40055,-1.62022,0.94537,-0.06487,-0.44529,0.48695,-0.27082,0.40916,0.08039,0.05801
0.17600,0.19588,0.20921,0.00628,0.36331,-0.02489,0.14453,0.35090,0.05990,-0.16050,0.24156,0.21236,0.27982,-0.31006,0.73124,7.43083,-1.89296,1.57665,1.51919,0.79735,0.21619,-1.60523,0.37325,-1.47662,0.86665,-0.02047,3.20342,0.47925,-0.24309,0.48598,0.31429,-0.41069,0.20871,-0.03551
0.17800,0.06040,-0.02777,0.13757,0.10078,-0.21882,0.18950,0.35469,0.12627,-0.11718,0.19762,-0.52711,0.31535,-0.33658,1.14161,6.99009,-2.08706,2.29350,0.93393,1.00491,-0.20798,-1.09372,-0.37775,0.07429,1.25952,0.88714,2.68979,-0.24578,-0.06028,0.40679,0.60085,-0.40123,0.16503,-0.11249
0.18000,-0.16726,-0.06166,0.18455,-0.54377,-0.03569,0.15982,-0.21752,0.11565,0.04643,0.02719,0.08506,-0.53893,0.06776,1.17711,-1.50038,-0.85753,2.16134,0.86844,0.67457,-0.51204,-0.06867,-1.15330,1.33485,-1.45164,1.14754,0.30933,-0.33393,0.11440,-0.36700,0.51837,-0.09387,0.00929,0.11509
0.18200,-0.17852,-0.00913,0.81097,-0.70006,0.01002,0.07740,0.00801,-0.21567,0.19660,-0.02335,0.17845,-1.11443,0.05854,2.20216,-1.71661,-0.36984,1.33465,2.36349,-0.38385,-0.58570,0.28555,-1.43569,0.73876,0.28860,4.76502,0.84878,-0.48998,0.28493,0.24816,-0.69066,0.26043,-0.06948,0.25876
0.18400,-0.10221,0.03067,0.58540,-0.22646,-0.00059,0.02305,0.14377,-0.29246,0.13963,-0.29718,0.21555,0.04452,0.04539,2.45888,-0.61497,-0.28628,0.64373,2.74455,-0.49909,-0.36933,-0.29710,0.01374,1.45103,1.21193,3.86763,0.32019,-0.51826,0.31304,0.55438,-0.76282,0.29028,0.14076,-0.10536
0.18600,0.20264,0.05019,-0.29310,-0.10802,-0.01272,0.00186,0.19336,-0.13365,0.00220,0.06591,-0.20572,0.44197,0.02756,0.01902,-0.96091,-0.16118,0.80311,1.61095,0.24418,0.04465,-1.13986,1.28073,-1.19173,1.43926,0.52957,-0.17694,-0.29703,-0.38137,0.52693,-0.14608,0.19357,-0.01179,-0.62386
0.18800,0.03487,0.13473,-0.57009,-0.06351,-0.02815,0.12329,-0.29335,0.07086,-0.04728,0.11613,-0.46178,0.37082,-0.65424,0.24475,-1.69224,-0.02642,2.46795,-1.01584,1.09646,0.18954,-1.36206,0.88906,0.52965,5.49650,1.03980,-0.66397,0.14093,-0.12491,-0.75086,0.55422,0.13129,0.09081,-0.47591
0.19000,-0.05934,0.09246,0.04201,-0.06288,-0.05080,0.14467,-0.45573,0.06085,-0.17614,-0.06557,0.23756,0.28979,-0.31047,0.40029,-2.06568,-0.11804,2.86222,-0.52231,0.77266,-0.54476,-0.10387,1.17139,1.40865,4.64105,0.41878,-0.84883,0.34887,0.06632,-0.82376,0.52697,-0.47315,-0.15549,-0.55322
0.19200,-0.08774,-0.00390,0.02939,-0.05576,0.02404,0.06031,-0.24127,0.00511,0.10055,-0.29188,0.12589,0.22699,0.83046,-0.33112,-1.70383,-0.25381,1.76936,1.40818,0.10240,-0.45370,1.06517,-1.17973,1.58989,0.21471,-0.13309,-0.62064,-0.39595,0.25557,-0.16741,0.26499,0.04772,-0.52264,0.00999
0.19400,-0.56883,-0.09079,-0.11280,-0.05891,0.01311,-0.14435,0.07668,-0.02160,0.14659,-0.36163,0.19654,-0.64274,1.24067,-0.80647,-0.73274,0.06193,-1.54246,3.17507,-0.13549,-0.38121,0.70760,0.40158,5.54738,0.49731,-0.76110,-0.03018,-0.68415,-0.48142,0.56481,0.14445,0.24531,-0.20163,-0.36148
0.19600,-0.42151,0.17151,-0.24384,-0.06107,-0.00798,-0.15927,0.12319,-0.57199,-0.02126,-0.00266,0.22003,-0.08181,0.61072,-0.91636,-0.16218,0.12753,-0.64474,2.19395,-0.90443,-0.00683,0.61764,1.22701,4.80482,0.08047,-1.03186,0.31580,-0.65033,-0.52342,0.59466,-1.33467,0.04622,-0.64635,-0.51878
0.19800,-0.12761,0.05286,-0.28276,0.06171,-0.01233,-0.00752,0.11761,-0.00318,-0.27842,-0.14312,0.20180,0.28449,0.14442,-0.66163,-1.23112,0.38022,1.62982,0.21940,0.68871,-0.09543,-0.99221,1.40385,-0.33593,-0.26548,-0.83202,-0.47115,-0.14635,-0.27106,0.40640,0.29725,-0.70103,-0.08428,-0.54463
0.20000,-0.17403,-0.05623,-0.25481,0.03876,-0.05927,0.14785,0.10164,0.07496,-0.30854,-0.21952,0.23621,0.55154,-0.03691,-0.07996,-2.11885,-0.91867,3.47652,-0.49552,1.12691,-0.41844,0.25171,4.96822,-0.21158,-0.83749,-0.21751,-1.11462,-0.00671,0.01994,0.28958,0.54672,-0.75262,-0.37314,-1.49675
0.20200,0.03551,-0.12152,-0.20991,0.04127,0.02100,0.08786,-0.88252,-0.01778,-0.10787,-0.23579,0.33789,0.33403,-0.04173,0.27205,-2.21811,-0.45879,2.54039,-0.51138,0.06996,-0.32799,0.91923,4.25273,-0.37699,-1.11337,0.17184,-1.18323,-0.10952,0.19778,-1.44970,0.20598,-0.47260,-0.49547,-1.36415
0.20400,-0.01660,-0.12942,0.07054,0.01786,0.03731,-0.03185,-0.00068,-0.45492,0.06962,-0.22103,-0.34695,-0.08680,0.03968,-0.77563,-0.92144,0.17791,0.57868,2.15216,-1.86631,-0.04355,1.08460,-0.32854,-0.47403,-0.94680,-0.56391,-0.48686,-0.50763,0.35422,0.38755,-1.04642,0.12859,-0.53009,0.61065
0.20600,0.02402,-0.09009,-0.16057,0.06447,0.00009,-0.07252,0.12892,-0.68356,-0.08580,-0.12270,-0.19810,-0.09307,0.21938,-1.13092,0.23720,0.47593,-0.25426,2.98000,-2.08349,0.12174,3.50313,-0.10167,-0.93485,-0.39441,-1.37415,0.37904,-0.85057,0.34567,0.64737,-1.58902,-0.13630,-1.38917,1.27262
0.20800,0.06456,-0.04891,-0.26552,0.16437,-0.00487,-0.36099,0.08586,-0.15981,-0.17233,-0.24011,-0.27211,0.04468,0.32386,-1.08765,-0.42466,0.63609,-0.40910,0.21547,-1.48735,0.20751,3.09488,-0.42398,-1.18268,-0.04052,-1.50447,0.06750,-0.46795,-0.81306,0.41650,-0.04963,-0.26125,-1.28348,-0.09398
0.21000,0.07615,0.01583,-0.21406,0.12708,-0.00541,0.09182,-0.54383,0.10196,-0.19639,0.05399,-0.28608,0.17127,-0.15243,-0.36098,-1.57361,0.81017,2.61339,-3.62450,1.28579,0.22080,0.46526,-0.46475,-1.00324,-0.66872,-0.74151,-0.79320,0.18280,0.03103,-0.93338,0.39873,-0.30849,0.83786,0.01309
0.21200,0.06153,-0.11153,0.25902,0.05134,-0.01977,0.12395,-0.94470,-0.02942,-0.51503,0.33075,-0.15918,0.30732,-0.24206,0.11544,-2.47395,0.61634,3.49936,-3.27629,-0.14493,-0.35416,0.71595,-0.86645,-0.46123,-1.39664,0.49695,-1.49880,0.35542,0.16574,-1.59115,0.07363,-1.38845,1.72244,0.28871
0.21400,0.05027,-0.15865,0.27417,0.04193,0.09032,-0.01284,-0.06774,-0.12474,-0.44031,-0.27595,-0.01279,0.37051,-0.22252,-0.48800,-1.42981,-0.32644,0.79896,-2.87430,-0.95146,0.06104,0.53747,-1.08378,-0.13473,-1.52554,0.06253,-0.97745,0.01350,0.35444,0.26141,-0.13988,-1.05753,-0.20528,0.51643
0.21600,0.01335,-0.10889,0.02080,0.01223,0.01929,-0.29237,0.16363,-0.16613,0.23505,-0.11401,0.10539,-0.30345,-0.02711,-1.02930,0.47491,0.84473,-3.68109,2.86776,-1.18683,1.06902,-0.06814,-0.89316,-0.73557,-0.78470,-1.02887,0.01387,-0.62747,-0.31014,0.57051,-0.23275,0.65788,0.01953,0.58534
0.21800,0.10086,0.15839,-0.25766,0.00976,0.00464,-0.45294,0.07846,-0.69225,0.41590,0.08865,0.19977,-0.07744,0.06508,-1.27784,1.01482,1.14162,-3.23300,-0.45205,-5.66178,1.54666,-0.68936,-0.35759,-1.36508,0.33640,-1.91525,0.33958,-0.66626,-0.68154,0.36240,-1.25424,1.50454,0.26324,0.53565
0.22000,0.13842,0.11840,-0.22559,0.40996,0.01590,-0.01773,0.00393,-0.43602,-0.07553,0.24057,0.22142,0.08491,-0.14972,-0.70552,-1.07380,1.26874,-2.42159,-2.28963,-4.23480,1.06847,-0.96916,-0.04948,-1.46483,-0.12772,-1.31922,0.16978,0.09427,0.32760,0.18440,-0.77767,-0.09031,0.44362,0.44811
0.22200,0.10440,-0.03185,-0.09277,0.02043,0.01279,0.11746,-0.03968,0.77441,0.02156,0.28335,-0.26046,0.21902,-0.28347,0.29705,-1.44432,-0.64229,3.64393,-2.81220,2.03772,0.18738,-0.82127,-0.65649,-0.71670,-1.10758,-0.14949,-1.12624,0.48406,0.21232,0.07356,0.59224,-0.08964,0.53035,0.03529
0.22400,-0.03224,-0.16678,-0.03498,-0.01199,0.08008,-0.01392,-0.60481,1.18681,0.14113,0.23652,-0.03393,-0.21871,-0.30229,0.59797,-1.72254,-0.71271,0.32147,-11.74749,2.86897,-0.21670,-0.29443,-1.26052,0.16124,-1.89089,0.26759,-1.30313,0.50117,0.39710,-0.73784,1.29154,0.14316,0.55769,0.35063
0.22600,-0.03120,-0.13725,0.46917,-0.02863,0.01876,-0.10931,-0.26182,0.16142,0.21947,0.17720,0.12452,-0.48802,-0.18354,-1.16961,0.68950,0.23089,-1.64208,-9.32327,1.18781,-0.27872,0.05614,-1.34706,-0.23786,-1.28232,-0.03029,-0.12252,0.18492,0.44876,-0.21904,-0.16212,0.38740,0.49494,0.51017
0.22800,0.06960,-0.04467,-0.14710,0.22361,0.02933,-0.14327,0.70773,0.09507,0.21643,-0.05791,0.21373,-0.28688,0.04115,-0.81159,1.88989,2.07419,-2.33451,2.31627,0.54318,-0.13852,-0.52210,-0.63096,-1.07650,-0.10576,-1.46148,1.03158,-0.48778,0.39615,-0.04872,-0.15740,0.53822,0.04570,0.38199
0.23000,0.17976,-0.00407,-0.25440,0.43842,0.03737,-0.41895,1.22159,0.15326,0.15019,0.17451,-0.28703,0.07689,0.10810,-0.83926,0.88366,1.74671,-11.58857,3.23492,0.68888,0.20706,-1.23099,0.14794,-1.76426,0.30096,-1.77780,1.02825,0.21847,0.40063,0.40450,0.17840,0.63187,0.21857,-0.34150
0.23200,0.15037,0.18057,-0.07246,0.04157,0.02720,-0.28689,0.18312,0.23966,0.09338,0.29383,-0.37369,0.18287,-0.32280,0.35207,2.11056,1.29242,-8.81735,0.88916,0.96410,0.43370,-1.37148,-0.15875,-1.13646,-0.52317,-0.30254,0.30313,0.60579,0.65221,-0.57030,0.51114,0.61010,0.32679,-0.21770
0.23400,0.07215,-0.10861,0.45708,-0.15565,0.00915,0.42898,-0.01145,0.26027,0.03000,0.21029,-0.16835,0.26837,-0.23473,0.57582,-0.81956,0.87198,0.99421,0.84076,0.98427,-0.31471,-0.69012,-0.95753,0.03592,-1.36885,1.40069,-1.05998,0.66774,-0.39994,-0.37501,0.64079,-0.13127,0.29765,0.11760
0.23600,0.04125,-0.14960,0.63127,-0.10829,0.03875,0.56226,0.06077,0.24713,0.17131,-0.26861,0.10721,0.27297,-0.16694,-0.25310,1.56814,-1.71195,1.75038,1.73179,0.84527,-0.57036,0.46078,-1.64268,0.40896,-1.70747,1.21233,0.08864,1.70780,-0.04162,0.03455,0.62418,0.16019,-0.32408,0.43782
0.23800,-0.03208,-0.04367,0.10998,-0.04449,0.03837,0.05815,0.21221,0.21871,0.21909,-0.21668,0.20492,-0.98259,0.01438,0.82067,2.71178,-0.18368,-0.71138,2.37160,0.73520,-0.55955,-0.01055,-1.05113,-0.68510,-0.15516,0.71750,0.74900,1.56555,-0.62529,0.37984,0.54345,0.35773,-0.12358,0.33988
0.24000,0.14133,0.19856,-0.21281,-0.00454,0.03733,0.08291,0.30303,-0.07726,0.12927,0.00982,0.25302,0.07255,-0.17120,-0.31184,2.85358,-1.53776,0.30628,2.21963,0.11620,-0.17266,-0.93766,0.04669,-1.19771,1.39725,-1.60103,0.91951,-0.08767,-0.45400,0.52003,-0.26448,0.39445,0.07574,0.05007
0.24200,0.20067,0.25523,-0.01412,0.35978,0.09058,0.14869,0.36778,0.06406,-0.15427,0.24050,0.24398,0.25893,-0.32796,0.77936,7.25569,-1.61381,1.68360,1.45471,0.64418,0.25419,-1.65872,0.38948,-1.50448,0.88591,-0.02263,3.03118,0.43527,-0.22657,0.49983,0.29360,-0.40186,0.20520,-0.05349
0.24400,0.07948,-0.00563,0.10839,0.10948,-0.19187,0.19885,0.37412,0.12521,-0.10191,0.20543,-0.64069,0.28633,-0.30402,1.29991,6.91156,-2.05248,2.43798,0.90751,0.83471,-0.18562,-1.13610,-0.40982,0.06440,1.21357,0.87649,2.56259,-0.28940,-0.02147,0.40746,0.57611,-0.35971,0.16442,-0.14939
0.24600,-0.14950,-0.10161,0.15536,-0.55822,-0.02042,0.17087,-0.22482,0.10787,0.06280,0.04538,0.07376,-0.51411,0.06921,1.36452,-1.70065,-0.75786,2.30085,0.82454,0.58575,-0.56773,-0.08434,-1.13628,1.35024,-1.48178,1.13472,0.27031,-0.33848,0.15490,-0.35812,0.50890,-0.06896,0.01282,0.15173
0.24800,-0.15615,-0.01091,0.76584,-0.71052,0.02678,0.08825,0.00293,-0.20706,0.21115,-0.00521,0.18365,-1.03122,0.09001,2.87250,-1.97597,-0.14100,1.43806,2.23464,-0.32702,-0.71450,0.27892,-1.41390,0.74189,0.24271,4.65837,0.82666,-0.46181,0.30972,0.27653,-0.64842,0.24906,-0.06366,0.29378
0.25000,-0.10064,0.04813,0.52633,-0.24787,0.02174,0.03438,0.14317,-0.27673,0.14682,-0.30720,0.23946,-0.01620,0.08930,3.02535,-0.84228,0.01639,0.72749,2.59298,-0.48574,-0.45419,-0.28136,0.03692,1.45876,1.16448,3.78106,0.25892,-0.47578,0.32753,0.58447,-0.73184,0.27246,0.13935,-0.10369
0.25200,0.20851,0.07300,-0.32136,-0.11950,0.00881,-0.00600,0.20111,-0.12272,-0.00405,0.07266,-0.24288,0.43917,0.07093,-0.06424,-1.01551,0.10495,0.85219,1.51604,0.14008,0.04530,-1.17428,1.27130,-1.21236,1.39754,0.51745,-0.19893,-0.26379,-0.38614,0.53641,-0.15124,0.17330,-0.01595,-0.64615
0.25400,0.05086,0.26016,-0.59718,-0.07031,-0.01048,0.12526,-0.30190,0.07250,-0.05601,0.12333,-0.56495,0.34572,-0.57028,0.14866,-1.67643,0.11351,2.57881,-0.92842,0.89331,0.21887,-1.41987,0.86526,0.52709,5.43156,1.02959,-0.65022,0.14454,-0.07929,-0.77751,0.52144,0.10924,0.08930,-0.52119
0.25600,-0.03449,0.19196,0.01022,-0.06750,-0.03607,0.15201,-0.46421,0.05797,-0.14079,-0.04186,0.24213,0.25382,-0.21765,0.39558,-2.04593,-0.06153,2.99681,-0.50456,0.63624,-0.50862,-0.11462,1.21052,1.41562,4.56150,0.43766,-0.81571,0.33326,0.13146,-0.84178,0.50138,-0.37368,-0.15497,-0.51853
0.25800,-0.06027,0.01611,0.02320,-0.05722,0.01785,0.06664,-0.24816,-0.00271,0.10549,-0.27757,0.15302,0.18957,0.78912,-0.38767,-1.69484,-0.12026,1.84229,1.31118,0.09624,-0.53986,1.13652,-1.16752,1.60032,0.28135,-0.12932,-0.58261,-0.38559,0.29847,-0.16005,0.25816,0.03783,-0.52189,0.03023
0.26000,-0.54925,-0.08171,-0.09669,-0.05644,0.01866,-0.15020,0.07226,-0.02980,0.14964,-0.35522,0.23005,-0.73915,1.19529,-0.92970,-0.75180,0.36593,-1.54732,2.99587,-0.09604,-0.49657,0.77807,0.42376,5.59862,0.58876,-0.76029,-0.00005,-0.63049,-0.51545,0.59253,0.14689,0.22232,-0.20300,-0.36099
0.26200,-0.39898,0.18513,-0.21675,-0.05833,0.00107,-0.17750,0.12435,-0.54485,-0.03365,0.03728,0.25426,-0.17730,0.58677,-1.06882,-0.21288,0.46582,-0.65350,2.06033,-0.90388,-0.00733,0.69219,1.25194,4.84911,0.13604,-1.03127,0.33437,-0.58840,-0.56366,0.60778,-1.27015,0.02323,-0.65467,-0.53248
0.26400,-0.19641,0.06251,-0.25712,0.05379,-0.00673,-0.01759,0.12558,-0.00088,-0.27298,-0.13302,0.23407,0.35847,0.11618,-0.78980,-1.18870,0.55092,1.68320,0.18705,0.54643,0.04863,-1.05424,1.42611,-0.29382,-0.23851,-0.82758,-0.46729,-0.11731,-0.25591,0.39206,0.26632,-0.66847,-0.08536,-0.56157
0.26600,-0.25456,-0.06855,-0.24207,0.03513,-0.07509,0.15350,0.11003,0.07064,-0.28170,-0.18905,0.20493,0.62297,-0.06985,-0.13952,-2.03914,-1.02513,3.60718,-0.48444,0.94437,-0.27683,0.25602,5.02534,-0.16217,-0.81845,-0.20610,-1.07377,-0.04661,0.09753,0.26668,0.51494,-0.65966,-0.37475,-1.49794
0.26800,0.03677,-0.15111,-0.20683,0.04006,-0.00541,0.09337,-0.88745,-0.02424,-0.12070,-0.19729,0.35791,0.37791,-0.07416,0.25835,-2.14547,-0.48017,2.61929,-0.54381,0.05917,-0.22655,0.95729,4.30680,-0.34293,-1.09396,0.18659,-1.12847,-0.13613,0.26092,-1.48713,0.18653,-0.49588,-0.49550,-1.37120
0.27000,-0.03679,-0.16373,0.08425,0.02221,0.02420,-0.02956,-0.00580,-0.43474,0.05451,-0.18418,-0.28811,-0.04000,0.01684,-0.86479,-0.87408,0.37650,0.55472,2.02269,-1.67752,-0.14851,1.13089,-0.39091,-0.46113,-0.92852,-0.55345,-0.44492,-0.47877,0.37728,0.40019,-1.02017,0.09925,-0.52848,0.58629
0.27200,-0.00177,-0.11828,-0.12682,0.05215,0.00547,-0.07037,0.12880,-0.65203,-0.11051,-0.03968,-0.10933,-0.06786,0.21369,-1.29822,0.16230,0.86159,-0.30210,2.81255,-1.92598,0.14748,3.76738,-0.17148,-0.93708,-0.37735,-1.36828,0.33590,-0.77341,0.35491,0.66096,-1.52863,-0.16365,-1.40168,1.20880
0.27400,0.04083,-0.07050,-0.22513,0.15350,-0.00237,-0.40423,0.09042,-0.14857,-0.19778,-0.16061,-0.19185,0.04580,0.32671,-1.26271,-0.40649,0.88602,-0.41763,0.18028,-1.34896,0.30583,3.29593,-0.48210,-1.19134,-0.02232,-1.49859,0.04758,-0.41324,-0.89313,0.40106,-0.10564,-0.28530,-1.29234,-0.12936
0.27600,0.06307,0.01393,-0.19240,0.12263,-0.00927,0.09324,-0.55523,0.09039,-0.21843,-0.04001,-0.28525,0.15707,-0.18483,-0.44689,-1.47254,0.79624,2.66662,-3.47089,1.12396,0.33818,0.41440,-0.49409,-1.01265,-0.65400,-0.73186,-0.76573,0.18984,0.08725,-0.97742,0.37147,-0.33105,0.83077,0.01499
0.27800,0.06506,-0.14436,0.24449,0.05177,-0.02578,0.13034,-0.95358,-0.03690,-0.52960,0.21116,-0.17414,0.28566,-0.27409,0.16128,-2.34862,0.51565,3.58478,-3.17827,-0.11487,0.08886,0.64702,-0.87855,-0.46564,-1.38870,0.50977,-1.43413,0.34507,0.24336,-1.64563,0.04679,-1.37555,1.71385,0.30900
0.28000,0.06351,-0.20557,0.27785,0.04674,0.03032,-0.01159,-0.08238,-0.12889,-0.47529,-0.33978,-0.01584,0.34784,-0.24918,-0.50437,-1.33015,-0.31798,0.74043,-2.77208,-0.81549,0.41792,0.46488,-1.08734,-0.13399,-1.51886,0.08173,-0.92267,-0.04112,0.38089,0.25432,-0.15857,-1.07728,-0.17673,0.53910
0.28200,0.00200,-0.14333,0.04769,0.02243,0.01970,-0.31424,0.16760,-0.16780,0.23660,-0.14731,0.11735,-0.26059,-0.03062,-1.15842,0.52686,1.09349,-3.83962,2.72197,-1.02219,0.97104,-0.08975,-0.89248,-0.73937,-0.78418,-1.01292,0.03905,-0.56765,-0.38623,0.56964,-0.24444,0.66720,0.01855,0.59374
0.28400,0.08563,0.18176,-0.21430,0.01908,0.01068,-0.49792,0.08166,-0.65275,0.42148,0.06344,0.23222,-0.07745,0.05076,-1.49006,1.02885,1.46092,-3.36447,-0.44994,-5.03656,1.42499,-0.71012,-0.35743,-1.38271,0.35642,-1.90459,0.34930,-0.59548,-0.79666,0.33981,-1.30173,1.51988,0.25562,0.51483
0.28600,0.12949,0.13470,-0.19523,0.39424,0.01267,-0.01769,0.00672,-0.41744,-0.07144,0.21471,0.26702,0.05845,-0.17982,-0.84134,-0.97072,1.24491,-2.60235,-2.20390,-3.72177,1.02146,-1.00092,-0.05263,-1.48708,-0.10978,-1.30956,0.16196,0.11164,0.32568,0.14803,-0.82945,-0.13369,0.43875,0.41152
0.28800,0.11054,-0.04965,-0.09169,0.02510,-0.02869,0.12333,-0.03851,0.73194,0.02590,0.26158,-0.30049,0.18609,-0.31549,0.30161,-1.30628,-1.00924,3.66833,-2.69760,1.96613,0.14647,-0.85705,-0.66987,-0.73188,-1.10092,-0.14063,-1.07741,0.41995,0.27865,0.03374,0.62466,-0.08029,0.53064,0.04768
0.29000,-0.02119,-0.21877,-0.04309,-0.00380,0.01102,-0.01345,-0.63349,1.12003,0.15011,0.22092,-0.05721,-0.17230,-0.32950,0.65234,-1.56008,-1.00547,0.19484,-11.26349,2.77749,-0.29094,-0.32988,-1.25652,0.17543,-1.89163,0.27464,-1.23586,0.41288,0.41216,-0.79444,1.34164,0.15887,0.56532,0.38561
0.29200,-0.02613,-0.18033,0.49168,-0.01452,0.00832,-0.11232,-0.27802,0.14204,0.23201,0.16279,0.11848,-0.42260,-0.19108,-1.23747,0.78706,-0.05750,-1.83418,-8.92910,1.18617,-0.37675,0.02029,-1.33471,-0.23565,-1.28992,0.02278,-0.09551,0.19697,0.43390,-0.27430,-0.09035,0.39253,0.50809,0.54371
0.29400,0.06481,-0.06117,-0.12250,0.21603,0.04108,-0.14683,0.72235,0.09006,0.22803,-0.06952,0.22844,-0.26007,0.06379,-0.96176,1.81770,2.31666,-2.52862,2.34149,0.50591,-0.22597,-0.52914,-0.61835,-1.09224,-0.12252,-1.45163,0.97025,-0.42800,0.37259,0.02696,-0.13907,0.53368,0.03839,0.38628
0.29600,0.17096,-0.01054,-0.22580,0.42344,0.03634,-0.44300,1.25263,0.15033,0.15678,0.16421,-0.29565,0.05096,0.13703,-1.02777,0.88556,1.62273,-12.12147,3.23135,0.58595,0.15699,-1.25673,0.12136,-1.79245,0.28531,-1.76036,0.97728,0.23029,0.25071,0.51081,0.17056,0.61761,0.21302,-0.36083
0.29800,0.15319,0.19611,-0.07774,0.04916,0.01604,-0.29853,0.17941,0.23337,0.09744,0.28499,-0.42913,0.14498,-0.38519,0.35128,2.07093,0.97412,-9.30570,0.99003,0.82440,0.40743,-1.40697,-0.17990,-1.15981,-0.48706,-0.29566,0.27567,0.58613,0.54744,-0.57961,0.49549,0.58835,0.32630,-0.22781
0.30000,0.09090,-0.14208,0.43726,-0.13809,-0.00607,0.46275,-0.01111,0.25035,0.03885,0.21109,-0.21573,0.23048,-0.24443,0.76380,-0.59311,0.50864,1.20607,0.84666,0.86038,-0.35108,-0.71807,-0.95932,0.02582,-1.38225,1.39548,-0.99632,0.63729,-0.41691,-0.35913,0.63213,-0.10227,0.30279,0.13858
0.30200,0.06479,-0.19806,0.63168,-0.08859,-0.02268,0.61503,0.06295,0.23205,0.18357,-0.28147,0.09547,0.23713,-0.17346,-0.13849,1.68805,-2.89608,2.04198,1.65095,0.78026,-0.66411,0.45737,-1.62757,0.40514,-1.72190,1.23932,0.10449,1.59470,-0.06817,0.06588,0.63559,0.16883,-0.31635,0.48301
0.30400,-0.01191,-0.05589,0.09562,-0.02667,0.00227,0.08313,0.21538,0.20159,0.23329,-0.22128,0.20950,-0.85679,0.04550,1.00233,2.75222,-1.19870,-0.54436,2.24955,0.71042,-0.66580,-0.00282,-1.03249,-0.69263,-0.18510,0.66835,0.73625,1.48129,-0.61645,0.41765,0.56906,0.35126,-0.12794,0.36606
0.30600,0.13636,0.24618,-0.21112,0.00950,0.11133,0.08463,0.30826,-0.07000,0.13473,0.00922,0.27724,0.05439,-0.16304,-0.48546,2.84903,-1.30046,0.38385,2.10427,0.05793,-0.22899,-0.94928,0.06323,-1.22013,1.39374,-1.57278,0.89452,-0.11032,-0.45885,0.55058,-0.25879,0.37902,0.06873,0.04182
0.30800,0.19987,0.30215,-0.03822,0.35783,0.19239,0.14892,0.37631,0.06806,-0.15032,0.23796,0.27484,0.22540,-0.36030,0.82261,6.89731,-1.30630,1.77048,1.38748,0.49689,0.28675,-1.69939,0.40271,-1.53220,0.90699,-0.02055,2.86639,0.39113,-0.20963,0.51303,0.27064,-0.39402,0.20396,-0.07219
0.31000,0.09391,0.01862,0.07406,0.12279,-0.16403,0.20584,0.38293,0.12595,-0.09279,0.21197,-0.76593,0.24868,-0.25575,1.46173,6.68581,-1.98596,2.55386,0.88104,0.66880,-0.16617,-1.16736,-0.44313,0.05278,1.16563,0.86672,2.44070,-0.33453,0.01621,0.40869,0.54889,-0.31855,0.16739,-0.18591
0.31200,-0.12744,-0.13611,0.12093,-0.55959,-0.00657,0.18267,-0.22372,0.10329,0.07335,0.06452,0.06416,-0.47751,0.08489,1.55842,-1.87950,-0.64810,2.41379,0.77119,0.49713,-0.62158,-0.09473,-1.12206,1.36438,-1.51177,1.12142,0.22811,-0.34401,0.19401,-0.34842,0.49909,-0.04225,0.02056,0.18889
0.31400,-0.12703,-0.00744,0.70764,-0.70814,0.04297,0.10449,0.00249,-0.20087,0.22268,0.01397,0.19224,-0.92571,0.14015,3.59301,-2.20193,0.09004,1.52561,2.09315,-0.26591,-0.83815,0.27479,-1.39618,0.74830,0.19687,4.53771,0.80084,-0.43252,0.33415,0.30153,-0.60632,0.24105,-0.05329,0.32871
0.31600,-0.09878,0.07064,0.45547,-0.26643,0.04468,0.05308,0.14284,-0.26296,0.15226,-0.30688,0.26273,-0.08062,0.15198,3.62652,-1.07272,0.32068,0.80327,2.42935,-0.46514,-0.53598,-0.26977,0.05679,1.46082,1.11718,3.68622,0.19313,-0.43046,0.34279,0.60996,-0.69918,0.25548,0.12869,-0.10086
0.31800,0.20805,0.10043,-0.34455,-0.12614,0.03128,-0.01932,0.20386,-0.11169,-0.01088,0.08196,-0.28914,0.41984,0.13110,-0.15508,-1.06090,0.37253,0.89043,1.41809,0.04386,0.04476,-1.19976,1.26438,-1.23497,1.35586,0.50228,-0.22228,-0.22781,-0.39001,0.54332,-0.15626,0.14997,-0.01831,-0.66836
0.32000,0.06256,0.38522,-0.61235,-0.07459,0.00748,0.12205,-0.30503,0.07650,-0.06449,0.13263,-0.68248,0.30998,-0.47005,0.04172,-1.63214,0.25558,2.66023,-0.84611,0.69706,0.24539,-1.46478,0.84098,0.52048,5.36385,1.01242,-0.63696,0.14934,-0.03651,-0.80023,0.48623,0.08320,0.09165,-0.56583
0.32200,-0.01266,0.29367,-0.02056,-0.07247,-0.02111,0.15622,-0.46274,0.05883,-0.11876,-0.01408,0.24432,0.21208,-0.09897,0.38102,-1.98695,-0.00036,3.09720,-0.49222,0.50313,-0.47719,-0.12052,1.24765,1.41819,4.47970,0.45501,-0.78311,0.31785,0.19248,-0.85547,0.47488,-0.27764,-0.15047,-0.48176
0.32400,-0.03506,0.01798,0.01576,-0.06123,0.01187,0.07472,-0.24727,-0.00603,0.10586,-0.25819,0.18217,0.14889,0.72644,-0.44581,-1.64980,0.01225,1.89571,1.20487,0.08824,-0.62304,1.19528,-1.15613,1.60661,0.34408,-0.12556,-0.54524,-0.37679,0.33833,-0.15323,0.25309,0.03013,-0.52347,0.05263
0.32600,-0.52031,-0.09602,-0.07999,-0.05790,0.02655,-0.15875,0.07017,-0.03370,0.14860,-0.33977,0.26163,-0.81569,1.11957,-1.05477,-0.74941,0.66606,-1.53833,2.80294,-0.05979,-0.60864,0.83650,0.44468,5.64072,0.67862,-0.75748,0.02910,-0.57423,-0.54476,0.61460,0.15143,0.20071,-0.21273,-0.35747
0.32800,-0.37229,0.19319,-0.18633,-0.06005,0.01382,-0.20087,0.12344,-0.51865,-0.04859,0.07632,0.28435,-0.26587,0.55516,-1.22562,-0.25295,0.80055,-0.65743,1.92053,-0.88953,-0.00894,0.76150,1.27533,4.88320,0.18740,-1.02780,0.35163,-0.52235,-0.60080,0.61643,-1.19958,-0.00210,-0.66021,-0.54364
0.33000,-0.24287,0.06744,-0.22649,0.04792,0.00106,-0.03362,0.12679,0.00361,-0.27173,-0.11392,0.26176,0.43842,0.07987,-0.92340,-1.12957,0.71781,1.71755,0.16079,0.40990,0.18599,-1.10544,1.44737,-0.24980,-0.21406,-0.82114,-0.46355,-0.08586,-0.24233,0.37635,0.23443,-0.63861,-0.08279,-0.57690
0.33200,-0.31095,-0.08366,-0.22345,0.03001,-0.09000,0.15403,0.11070,0.06990,-0.26550,-0.15083,0.15916,0.70645,-0.11190,-0.20469,-1.91910,-1.12151,3.69843,-0.46478,0.76737,-0.14272,0.26215,5.07948,-0.10726,-0.80115,-0.19509,-1.03304,-0.09047,0.16974,0.24355,0.48198,-0.57129,-0.37277,-1.49625
0.33400,0.04075,-0.18228,-0.19782,0.03430,-0.03144,0.09748,-0.87584,-0.02639,-0.13251,-0.15271,0.36718,0.42338,-0.11614,0.23885,-2.02707,-0.50148,2.67077,-0.58341,0.04725,-0.12535,0.99213,4.35928,-0.30852,-1.07584,0.19952,-1.07393,-0.16787,0.31915,-1.51507,0.16899,-0.51745,-0.49176,-1.37408
0.33600,-0.04871,-0.19850,0.09540,0.02174,0.01289,-0.02349,-0.00828,-0.41447,0.03299,-0.14265,-0.22244,0.00746,-0.01396,-0.95210,-0.80097,0.56824,0.52806,1.88590,-1.48782,-0.25235,1.17205,-0.43760,-0.44762,-0.91038,-0.54222,-0.40337,-0.45058,0.39754,0.40837,-0.99002,0.06969,-0.52291,0.55444
0.33800,-0.02094,-0.14630,-0.09197,0.04135,0.01502,-0.06329,0.12803,-0.62087,-0.13879,0.03695,-0.01241,-0.04388,0.20310,-1.46815,0.06981,1.23981,-0.34373,2.63666,-1.76052,0.17107,4.00060,-0.23003,-0.93739,-0.35878,-1.35799,0.29180,-0.69168,0.36257,0.66890,-1.46096,-0.19349,-1.41473,1.13188
0.34000,0.02044,-0.09179,-0.18111,0.14443,0.00354,-0.45474,0.08986,-0.13457,-0.22493,-0.08202,-0.11096,0.04497,0.32641,-1.44291,-0.39207,1.12856,-0.42458,0.15273,-1.21651,0.39976,3.47351,-0.52061,-1.19700,-0.00214,-1.48773,0.02772,-0.35477,-0.96866,0.38331,-0.16099,-0.31339,-1.29859,-0.17838
0.34200,0.04932,0.01148,-0.16681,0.11762,-0.01208,0.09039,-0.56060,0.08168,-0.24125,-0.13738,-0.28200,0.14170,-0.22437,-0.53730,-1.34397,0.77582,2.69339,-3.30700,0.96690,0.45037,0.35440,-0.51470,-1.01865,-0.64024,-0.71981,-0.73810,0.19804,0.13870,-1.01555,0.34434,-0.35785,0.81596,0.01412
0.34400,0.06360,-0.17531,0.22614,0.04806,-0.03102,0.13404,-0.94848,-0.04068,-0.53757,0.08204,-0.18494,0.26494,-0.31253,0.20893,-2.17033,0.41141,3.63514,-3.07493,-0.08739,0.52395,0.57412,-0.88885,-0.46675,-1.38191,0.51991,-1.36983,0.33503,0.31504,-1.68919,0.02253,-1.36440,1.69378,0.32992
0.34600,0.06983,-0.24911,0.27638,0.04669,-0.02908,-0.00775,-0.09850,-0.12879,-0.50499,-0.39911,-0.01400,0.32738,-0.28125,-0.51525,-1.19426,-0.31806,0.67969,-2.65350,-0.68557,0.76730,0.38173,-1.09266,-0.13031,-1.51283,0.09856,-0.86815,-0.10715,0.40356,0.24406,-0.17341,-1.10017,-0.14577,0.56207
0.34800,-0.00435,-0.17428,0.07252,0.02888,0.02233,-0.33793,0.17010,-0.16536,0.24886,-0.17876,0.13313,-0.21799,-0.03501,-1.28617,0.58148,1.33216,-3.95956,2.57288,-0.86399,0.88208,-0.11717,-0.89571,-0.74142,-0.78260,-0.99448,0.06400,-0.50461,-0.45861,0.56376,-0.25240,0.68297,0.01562,0.60064
0.35000,0.07105,0.20409,-0.16852,0.02485,0.01943,-0.54776,0.07998,-0.60990,0.44606,0.03680,0.26599,-0.08193,0.03389,-1.70763,1.03330,1.76857,-3.46394,-0.43471,-4.43112,1.31509,-0.72945,-0.36182,-1.39780,0.37521,-1.88689,0.35877,-0.52039,-0.90602,0.31492,-1.34289,1.54027,0.24636,0.48931
0.35200,0.11702,0.15107,-0.16196,0.37895,0.00947,-0.01823,0.00283,-0.39467,-0.06405,0.18470,0.31240,0.02694,-0.21615,-0.98198,-0.86315,1.21037,-2.75507,-2.09768,-3.22828,0.97029,-1.02614,-0.05910,-1.50616,-0.09189,-1.29473,0.15465,0.13070,0.32019,0.11142,-0.87543,-0.17361,0.43369,0.36798
0.35400,0.10969,-0.06472,-0.08863,0.02826,-0.06962,0.12844,-0.04392,0.67553,0.02941,0.23490,-0.33847,0.15012,-0.35310,0.30376,-1.13244,-1.37316,3.66335,-2.56248,1.88741,0.10767,-0.88408,-0.68134,-0.74482,-1.09446,-0.13045,-1.02886,0.35006,0.33946,-0.00548,0.64824,-0.06809,0.53153,0.06017
0.35600,-0.00778,-0.26558,-0.04954,0.00131,-0.05766,-0.00986,-0.66406,1.03745,0.15830,0.20120,-0.07613,-0.12257,-0.36027,0.70492,-1.35039,-1.30180,0.07527,-10.72883,2.67031,-0.35994,-0.35695,-1.25568,0.18957,-1.89323,0.28152,-1.16952,0.31273,0.42343,-0.84560,1.38296,0.17757,0.57366,0.42327
0.35800,-0.01684,-0.21800,0.50578,-0.00190,-0.00075,-0.11019,-0.30174,0.11602,0.24582,0.14519,0.11684,-0.35378,-0.19814,-1.29361,0.88675,-0.34820,-1.99940,-8.48622,1.18695,-0.46871,-0.00881,-1.32844,-0.23173,-1.29719,0.07015,-0.06871,0.21289,0.41678,-0.32712,-0.02993,0.40065,0.52229,0.57911
0.36000,0.06076,-0.07322,-0.09779,0.20906,0.05158,-0.14528,0.73804,0.08029,0.24260,-0.07943,0.24473,-0.23596,0.09310,-1.11501,1.69355,2.54152,-2.69044,2.35003,0.47164,-0.30901,-0.53739,-0.61194,-1.10556,-0.13733,-1.43551,0.91058,-0.36513,0.34774,0.10287,-0.12465,0.53074,0.02899,0.39025
0.36200,0.15738,-0.01329,-0.19524,0.40882,0.03299,-0.46355,1.27519,0.14468,0.16808,0.15186,-0.30627,0.01657,0.17371,-1.22241,0.84853,1.48492,-12.53318,3.21650,0.48644,0.10771,-1.27500,0.10331,-1.81796,0.27168,-1.73525,0.92825,0.24361,0.10316,0.61754,0.16068,0.60246,0.20843,-0.38596
0.36400,0.14843,0.21427,-0.08264,0.05606,0.00287,-0.30328,0.17635,0.22565,0.10702,0.27194,-0.48549,0.10032,-0.46196,0.34865,1.98873,0.64640,-9.69411,1.06971,0.68714,0.37952,-1.43077,-0.19747,-1.18137,-0.44823,-0.28576,0.25104,0.56665,0.44268,-0.58192,0.47756,0.56466,0.32865,-0.24103
0.36600,0.10027,-0.17067,0.41104,-0.11854,-0.02244,0.49887,-0.00469,0.24036,0.04271,0.20905,-0.26075,0.18926,-0.25269,0.96175,-0.32575,0.13986,1.40332,0.84023,0.73689,-0.38526,-0.73600,-0.96339,0.01547,-1.39605,1.38414,-0.93464,0.60650,-0.42225,-0.34177,0.62159,-0.07225,0.31044,0.16130
0.36800,0.07907,-0.23997,0.62256,-0.06690,-0.08241,0.67956,0.07012,0.21801,0.19306,-0.28969,0.08873,0.19978,-0.17766,-0.00813,1.79762,-4.06748,2.30723,1.55957,0.71240,-0.75288,0.44480,-1.61856,0.40051,-1.73621,1.25704,0.12013,1.47977,-0.08038,0.09491,0.64582,0.17993,-0.30922,0.53240
0.37000,0.01200,-0.06323,0.07950,-0.00806,-0.03532,0.10751,0.21994,0.18572,0.24694,-0.22150,0.21685,-0.72311,0.08690,1.18860,2.75444,-2.21026,-0.37457,2.11762,0.68142,-0.76728,-0.00117,-1.02058,-0.69406,-0.21338,0.61990,0.72423,1.39722,-0.60119,0.45142,0.59321,0.34697,-0.13547,0.39518
0.37200,0.12702,0.29351,-0.20967,0.02335,0.17388,0.08225,0.31051,-0.06391,0.14142,0.00992,0.30026,0.02735,-0.15153,-0.66539,2.79853,-1.04548,0.45669,1.98283,0.00570,-0.28427,-0.95708,0.07472,-1.24201,1.39069,-1.53588,0.87047,-0.13450,-0.45961,0.57782,-0.25323,0.36325,0.06101,0.03436
0.37400,0.19062,0.34993,-0.06384,0.35352,0.27677,0.14496,0.37663,0.07277,-0.14983,0.23315,0.30320,0.18051,-0.40002,0.86527,6.36574,-0.97845,1.83759,1.32042,0.35579,0.31516,-1.72710,0.41249,-1.55881,0.93064,-0.01502,2.71013,0.34607,-0.19136,0.52571,0.24677,-0.38658,0.20632,-0.09166
0.37600,0.09952,0.04367,0.03782,0.13675,-0.13644,0.21054,0.38145,0.12885,-0.09102,0.21653,-0.89328,0.20447,-0.19243,1.62602,6.31691,-1.89254,2.64048,0.85683,0.50774,-0.14854,-1.18672,-0.47693,0.03924,1.11644,0.85681,2.32472,-0.38143,0.05352,0.41143,0.52037,-0.27878,0.17412,-0.22967
0.37800,-0.10229,-0.16423,0.08459,-0.54484,0.00599,0.19559,-0.21482,0.10166,0.07740,0.08399,0.05784,-0.43257,0.10919,1.75548,-2.02672,-0.53177,2.49849,0.70910,0.40927,-0.67314,-0.09859,-1.11184,1.37673,-1.54082,1.10661,0.18400,-0.35141,0.23201,-0.33807,0.48913,-0.01517,0.03099,0.23185
0.38000,-0.09274,0.00019,0.64242,-0.68797,0.05851,0.12675,0.00614,-0.19654,0.23107,0.03390,0.20475,-0.80720,0.20609,4.33694,-2.38093,0.31889,1.59451,1.94158,-0.20103,-0.95688,0.27444,-1.38419,0.75764,0.15267,4.40257,0.77067,-0.40299,0.35772,0.32234,-0.56641,0.23557,-0.04036,0.36914
0.38200,-0.09652,0.09623,0.37936,-0.28096,0.06751,0.07982,0.14241,-0.24978,0.15647,-0.29932,0.28507,-0.14536,0.23252,4.24351,-1.29701,0.62136,0.86796,2.25713,-0.43797,-0.61553,-0.26335,0.07254,1.45675,1.07190,3.58232,0.12597,-0.38289,0.35773,0.63014,-0.66539,0.23928,0.11051,-0.09361
0.38400,0.19830,0.13041,-0.36503,-0.12743,0.05349,-0.03839,0.20146,-0.09929,-0.01703,0.09223,-0.34126,0.38468,0.20811,-0.25908,-1.09443,0.63745,0.91864,1.31952,-0.04449,0.04173,-1.21630,1.26112,-1.25907,1.31593,0.48520,-0.24553,-0.18902,-0.39259,0.54766,-0.16021,0.12458,-0.01796,-0.69343
0.38600,0.06662,0.50456,-0.61931,-0.07533,0.02416,0.11372,-0.30269,0.08348,-0.07142,0.14277,-0.80606,0.26565,-0.34506,-0.08474,-1.55902,0.39842,2.71245,-0.77068,0.50849,0.26786,-1.49629,0.81767,0.50932,5.29529,0.99113,-0.62386,0.15632,0.00386,-0.81683,0.44994,0.05458,0.09814,-0.61763
0.38800,0.00205,0.39214,-0.04988,-0.07607,-0.00761,0.15771,-0.45210,0.06346,-0.11197,0.01627,0.24339,0.16714,0.05013,0.35019,-1.88809,0.06537,3.16272,-0.48582,0.37413,-0.44964,-0.12061,1.28277,1.41536,4.39817,0.46918,-0.75138,0.30403,0.24943,-0.86390,0.44822,-0.18736,-0.14325,-0.43621
0.39000,-0.01636,0.00213,0.00629,-0.06594,0.00691,0.08514,-0.23955,-0.00555,0.10198,-0.23542,0.21458,0.10756,0.64699,-0.50598,-1.56783,0.14151,1.92816,1.09078,0.07898,-0.70336,1.24094,-1.14690,1.60772,0.40045,-0.12227,-0.50942,-0.37006,0.37464,-0.14717,0.24933,0.02398,-0.52730,0.08324
0.39200,-0.48104,-0.13291,-0.06471,-0.06169,0.03680,-0.17050,0.06981,-0.03425,0.14399,-0.31848,0.29150,-0.86860,1.01979,-1.17838,-0.72418,0.95786,-1.51462,2.59954,-0.02631,-0.71802,0.88205,0.46383,5.67117,0.76390,-0.75219,0.05595,-0.51590,-0.57050,0.63048,0.15710,0.18043,-0.22967,-0.34631
0.39400,-0.34234,0.19469,-0.15529,-0.06483,0.02961,-0.22972,0.12010,-0.49059,-0.06448,0.11248,0.30979,-0.34210,0.51970,-1.38265,-0.28013,1.12694,-0.65571,1.77699,-0.86262,-0.01268,0.82579,1.29717,4.90458,0.23314,-1.02038,0.36637,-0.45236,-0.63509,0.62045,-1.12354,-0.02897,-0.66253,-0.54942
0.39600,-0.26433,0.06805,-0.19330,0.04409,0.01018,-0.05561,0.12118,0.01084,-0.27437,-0.08770,0.28401,0.52226,0.03719,-1.05930,-1.05524,0.87956,1.73348,0.14093,0.27985,0.31733,-1.14549,1.46779,-0.20364,-0.19302,-0.81149,-0.45929,-0.05133,-0.23015,0.35986,0.20269,-0.61186,-0.07723,-0.58877
0.39800,-0.33969,-0.09997,-0.20021,0.02438,-0.10328,0.14976,0.10379,0.07313,-0.26084,-0.10706,0.09792,0.80094,-0.16356,-0.27504,-1.76104,-1.20772,3.75041,-0.43696,0.59703,-0.01534,0.27081,5.13306,-0.04766,-0.78648,-0.18351,-0.99259,-0.13830,0.23643,0.22121,0.44864,-0.48942,-0.36866,-1.48978
0.40000,0.04814,-0.21287,-0.18338,0.02548,-0.05571,0.10068,-0.84989,-0.02481,-0.14086,-0.10407,0.36348,0.46951,-0.16930,0.21186,-1.86470,-0.52233,2.69435,-0.62920,0.03496,-0.02451,1.02473,4.41186,-0.27259,-1.06003,0.21132,-1.02034,-0.20472,0.37197,-1.53213,0.15331,-0.53771,-0.48620,-1.36877
0.40200,-0.05193,-0.23189,0.10286,0.01745,0.00423,-0.01310,-0.00872,-0.39418,0.00591,-0.09805,-0.15459,0.05301,-0.05434,-1.03429,-0.70370,0.75110,0.49779,1.74319,-1.29831,-0.35549,1.20902,-0.46777,-0.43285,-0.89320,-0.53052,-0.36331,-0.42323,0.41406,0.41176,-0.95685,0.04055,-0.51540,0.53542
0.40400,-0.03344,-0.17336,-0.05847,0.03138,0.02849,-0.05078,0.12599,-0.58846,-0.16855,0.10415,0.08422,-0.02261,0.18693,-1.63386,-0.03777,1.60573,-0.38014,2.45452,-1.58886,0.19175,4.20317,-0.27544,-0.93515,-0.33907,-1.34269,0.24845,-0.60568,0.36751,0.67118,-1.38680,-0.22486,-1.42796,1.08775
0.40600,0.00327,-0.11272,-0.13622,0.13625,0.01240,-0.51259,0.08404,-0.11954,-0.25125,-0.00714,-0.03364,0.04242,0.32316,-1.62136,-0.38265,1.36137,-0.43022,0.13218,-1.09016,0.48835,3.62846,-0.54003,-1.19910,0.01983,-1.47087,0.00888,-0.29226,-1.04018,0.36359,-0.21413,-0.34432,-1.30351,-0.20759
0.40800,0.03474,0.00968,-0.13851,0.11203,-0.01430,0.08340,-0.56005,0.07642,-0.26247,-0.23038,-0.27577,0.12652,-0.27066,-0.62835,-1.19193,0.75114,2.69457,-3.13624,0.81612,0.55648,0.28427,-0.52669,-1.02099,-0.62783,-0.70466,-0.71024,0.20838,0.18525,-1.04672,0.31752,-0.38757,0.79496,0.01278
0.41000,0.05713,-0.20211,0.20500,0.04132,-0.03598,0.13543,-0.93088,-0.04146,-0.53439,-0.04511,-0.19092,0.24722,-0.36023,0.25473,-1.94337,0.30676,3.65071,-2.96788,-0.06166,0.95096,0.49670,-0.89751,-0.46489,-1.37688,0.52592,-1.30640,0.32640,0.38014,-1.72053,0.00086,-1.35607,1.66294,0.34083
0.41200,0.06930,-0.28680,0.26981,0.04254,-0.08536,-0.00100,-0.11529,-0.12580,-0.52460,-0.44802,-0.00831,0.31143,-0.32248,-0.52033,-1.02589,-0.32434,0.61689,-2.52203,-0.56135,1.10852,0.28779,-1.09997,-0.12420,-1.50808,0.11189,-0.81477,-0.18343,0.42169,0.22913,-0.18477,-1.12580,-0.11481,0.57401
0.41400,-0.00608,-0.20063,0.09382,0.03143,0.02748,-0.36378,0.17042,-0.16034,0.26595,-0.20688,0.15038,-0.17904,-0.04297,-1.40617,0.63587,1.55854,-4.03975,2.42077,-0.71209,0.80358,-0.15110,-0.90297,-0.74115,-0.78003,-0.97374,0.08779,-0.43863,-0.52749,0.55335,-0.25730,0.70457,0.01180,0.60378
0.41600,0.05643,0.22466,-0.12304,0.02670,0.03072,-0.60263,0.07335,-0.56804,0.48200,0.00945,0.29761,-0.09115,0.01782,-1.92046,1.02666,2.06213,-3.53120,-0.40883,-3.84811,1.21676,-0.74807,-0.37058,-1.40957,0.39264,-1.86145,0.36724,-0.44086,-1.00985,0.28791,-1.37607,1.56571,0.23742,0.47477
0.41800,0.10017,0.16786,-0.12738,0.36251,0.00631,-0.01953,-0.00744,-0.37181,-0.05730,0.15211,0.35346,-0.00798,-0.25595,-1.12008,-0.75654,1.16803,-2.87754,-1.97456,-2.75569,0.91720,-1.04532,-0.06861,-1.52138,-0.07407,-1.27417,0.14823,0.15208,0.31223,0.07492,-0.91465,-0.20752,0.43001,0.34348
0.42000,0.10133,-0.07533,-0.08294,0.03005,-0.10847,0.13290,-0.05544,0.60803,0.03010,0.20544,-0.37113,0.11348,-0.39775,0.30574,-0.92858,-1.72947,3.63016,-2.41057,1.80131,0.07245,-0.90247,-0.69100,-0.75550,-1.08833,-0.11890,-0.98080,0.27455,0.39379,-0.04352,0.66316,-0.05367,0.53345,0.06656
0.42200,0.00786,-0.30452,-0.05306,0.00380,-0.12335,-0.00308,-0.69436,0.94185,0.16428,0.18006,-0.08975,-0.07286,-0.39988,0.75541,-1.10043,-1.59635,-0.03599,-10.15319,2.54831,-0.42293,-0.37515,-1.25857,0.20411,-1.89612,0.28806,-1.10467,0.20173,0.43037,-0.89384,1.41568,0.19782,0.58136,0.44355
0.42400,-0.00387,-0.24864,0.51105,0.00845,-0.00799,-0.10280,-0.33099,0.08462,0.25950,0.12755,0.11863,-0.28700,-0.20923,-1.33508,0.98329,-0.63847,-2.13682,-8.00399,1.18899,-0.55444,-0.03043,-1.32890,-0.22576,-1.30414,0.11009,-0.04276,0.23159,0.39689,-0.37927,0.01543,0.41071,0.53518,0.59806
0.42600,0.05657,-0.08123,-0.07423,0.20073,0.06120,-0.13852,0.75531,0.06736,0.25894,-0.08890,0.26068,-0.21713,0.12663,-1.26201,1.51964,2.74934,-2.81921,2.34392,0.43952,-0.38815,-0.54754,-0.61202,-1.11586,-0.14950,-1.41304,0.85352,-0.29891,0.32100,0.17773,-0.11431,0.52919,0.01928,0.39233
0.42800,0.13794,-0.01334,-0.16423,0.39221,0.02781,-0.48106,1.29087,0.13765,0.18316,0.13697,-0.31695,-0.02467,0.21689,-1.41171,0.77137,1.33819,-12.82098,3.19426,0.39008,0.05803,-1.28640,0.09376,-1.83983,0.26082,-1.70227,0.88173,0.25881,-0.03928,0.72231,0.14992,0.58755,0.20665,-0.40067
0.43000,0.13523,0.23641,-0.08601,0.06105,-0.01186,-0.30148,0.17488,0.21740,0.12115,0.25507,-0.53764,0.05142,-0.54833,0.34867,1.86593,0.31613,-9.97984,1.12840,0.55261,0.34868,-1.44312,-0.21129,-1.20071,-0.40627,-0.27311,0.22931,0.54790,0.33966,-0.57335,0.45862,0.54096,0.33489,-0.24891
0.43200,0.09993,-0.19287,0.38081,-0.09769,-0.03958,0.53572,0.00718,0.23059,0.04097,0.20487,-0.29978,0.14749,-0.26444,1.16173,-0.02878,-0.22766,1.58464,0.82220,0.61448,-0.41624,-0.74361,-0.97011,0.00452,-1.41014,1.36540,-0.87514,0.57597,-0.41464,-0.32262,0.60982,-0.04274,0.31992,0.17353
0.43400,0.08393,-0.27366,0.60534,-0.04487,-0.13907,0.75362,0.08144,0.20463,0.19942,-0.29323,0.08703,0.16360,-0.18603,0.13276,1.88982,-5.21487,2.54170,1.45963,0.64267,-0.83627,0.42284,-1.61660,0.39456,-1.75017,1.26375,0.13525,1.36164,-0.07599,0.12076,0.65433,0.19213,-0.30315,0.55931
0.43600,0.03811,-0.06639,0.06346,0.00934,-0.07345,0.13021,0.22550,0.17041,0.25976,-0.21955,0.22597,-0.59251,0.13484,1.37423,2.71485,-3.20639,-0.20233,1.97863,0.64920,-0.86424,-0.00615,-1.01612,-0.68929,-0.23899,0.57255,0.71256,1.31249,-0.58287,0.48017,0.61453,0.34418,-0.14509,0.41126
0.43800,0.11256,0.33886,-0.20826,0.03513,0.22467,0.07552,0.30997,-0.05760,0.14955,0.00969,0.32051,-0.00734,-0.13147,-0.83733,2.70063,-0.77983,0.52539,1.85809,-0.04128,-0.33939,-0.96168,0.08098,-1.26270,1.38868,-1.49108,0.84715,-0.16160,-0.45649,0.60118,-0.24714,0.34773,0.05432,0.03086
0.44000,0.17202,0.39814,-0.08858,0.34345,0.34240,0.13695,0.36966,0.07900,-0.15368,0.22532,0.32718,0.12694,-0.43961,0.91211,5.67711,-0.63706,1.88538,1.25551,0.22092,0.34075,-1.74227,0.41876,-1.58364,0.95756,-0.00678,2.56270,0.29935,-0.17103,0.53810,0.22339,-0.37922,0.21361,-0.10181
0.44200,0.09612,0.06796,0.00305,0.14786,-0.10987,0.21314,0.37099,0.13413,-0.09690,0.21867,-1.01192,0.15669,-0.11464,1.79134,5.81379,-1.77754,2.69765,0.83624,0.35210,-0.13159,-1.19417,-0.51054,0.02350,1.06661,0.84604,2.21474,-0.42949,0.09123,0.41657,0.49176,-0.24159,0.18465,-0.25475
0.44400,-0.07425,-0.18567,0.04977,-0.51225,0.01760,0.20971,-0.19956,0.10245,0.07513,0.10344,0.05579,-0.38331,0.13429,1.95167,-2.13356,-0.41244,2.55392,0.63955,0.32306,-0.72182,-0.09530,-1.10646,1.38693,-1.56792,1.08958,0.13957,-0.36124,0.26928,-0.32735,0.47909,0.01078,0.04237,0.25588
0.44600,-0.05434,0.01019,0.57624,-0.64643,0.07346,0.15484,0.01294,-0.19324,0.23655,0.05461,0.22088,-0.68565,0.28360,5.07220,-2.50221,0.54143,1.64267,1.78250,-0.13369,-1.07064,0.27862,-1.37896,0.76944,0.11162,4.25355,0.73613,-0.37417,0.38011,0.33824,-0.53028,0.23175,-0.02713,0.39186
0.44800,-0.09356,0.12216,0.30455,-0.29031,0.08964,0.11423,0.14155,-0.23580,0.16013,-0.28967,0.30578,-0.20677,0.32938,4.85358,-1.50598,0.91367,0.91902,2.07936,-0.40564,-0.69337,-0.26283,0.08381,1.44628,1.03025,3.46943,0.06033,-0.33396,0.37142,0.64451,-0.63073,0.22392,0.08653,-0.08842
0.45000,0.17895,0.16010,-0.38535,-0.12338,0.07446,-0.06275,0.19430,-0.08447,-0.02123,0.10171,-0.39520,0.33638,0.30175,-0.38106,-1.11361,0.89616,0.93758,1.22203,-0.12547,0.03517,-1.22425,1.26210,-1.28424,1.27918,0.46685,-0.26728,-0.14773,-0.39365,0.54956,-0.16215,0.09852,-0.01397,-0.70732
0.45200,0.06331,0.61262,-0.62244,-0.07200,0.03834,0.10089,-0.29540,0.09380,-0.07561,0.15250,-0.92597,0.21595,-0.18385,-0.23809,-1.45748,0.54110,2.73617,-0.70280,0.32813,0.28523,-1.51456,0.79639,0.49312,5.22696,0.96824,-0.61041,0.16620,0.04234,-0.82553,0.41396,0.02517,0.10892,-0.64682
0.45400,0.01009,0.48143,-0.07767,-0.07689,0.00307,0.15706,-0.43396,0.07146,-0.12049,0.04774,0.23813,0.12217,0.23576,0.29717,-1.75006,0.13586,3.19342,-0.48500,0.25002,-0.42489,-0.11443,1.31573,1.40623,4.31864,0.47797,-0.72051,0.29305,0.30255,-0.86652,0.42203,-0.10512,-0.13469,-0.40997
0.45600,-0.00377,-0.02892,-0.00570,-0.06952,0.00361,0.09814,-0.22659,-0.00245,0.09479,-0.21168,0.25074,0.06839,0.55637,-0.56840,-1.44949,0.26535,1.93883,0.97071,0.06935,-0.78059,1.27360,-1.14091,1.60278,0.44841,-0.12020,-0.47568,-0.36576,0.40712,-0.14221,0.24626,0.01880,-0.53347,0.10165
0.45800,-0.43028,-0.18874,-0.05258,-0.06598,0.04919,-0.18548,0.07042,-0.03278,0.13684,-0.29626,0.31940,-0.89625,0.90413,-1.29688,-0.67605,1.23715,-1.47590,2.38863,0.00517,-0.82486,0.91441,0.48087,5.68796,0.84149,-0.74425,0.07945,-0.45638,-0.59417,0.63976,0.16272,0.16156,-0.25274,-0.33817
0.46000,-0.30759,0.18911,-0.12622,-0.07086,0.04757,-0.26353,0.11425,-0.45815,-0.07944,0.14432,0.32984,-0.40157,0.48449,-1.53521,-0.29319,1.44067,-0.64793,1.63160,-0.82534,-0.01930,0.88542,1.31752,4.91129,0.27259,-1.00825,0.37752,-0.37908,-0.66699,0.61981,-1.04245,-0.05620,-0.66118,-0.55072
0.46200,-0.26126,0.06521,-0.16006,0.04187,0.01971,-0.08277,0.10947,0.02101,-0.28005,-0.05672,0.29986,0.60630,-0.01019,-1.19376,-0.96741,1.03508,1.73184,0.12715,0.15667,0.44315,-1.17456,1.48752,-0.15474,-0.17587,-0.79762,-0.45402,-0.01345,-0.21919,0.34323,0.17212,-0.58862,-0.06939,-0.59379
0.46400,-0.34090,-0.11548,-0.17408,0.01900,-0.11442,0.14148,0.09029,0.08025,-0.26714,-0.06005,0.02076,0.90249,-0.22530,-0.34952,-1.56829,-1.28399,3.76402,-0.40197,0.43422,0.10604,0.28241,5.18784,0.01633,-0.77504,-0.17033,-0.95232,-0.18946,0.29776,0.20062,0.41563,-0.41591,-0.36394,-1.48513
0.46600,0.05932,-0.24042,-0.16463,0.01515,-0.07713,0.10350,-0.81306,-0.02060,-0.14353,-0.05333,0.34470,0.51436,-0.23502,0.17624,-1.66152,-0.54260,2.69030,-0.67932,0.02320,0.07554,1.05587,4.46574,-0.23374,-1.04731,0.22278,-0.96806,-0.24616,0.41922,-1.53753,0.13917,-0.55693,-0.48093,-1.36359
0.46800,-0.04702,-0.26187,0.10599,0.01060,-0.00131,0.00164,-0.00788,-0.37396,-0.02499,-0.05187,-0.08794,0.09404,-0.10559,-1.10801,-0.58484,0.92305,0.46347,1.59585,-1.11045,-0.45778,1.24268,-0.48173,-0.41605,-0.87772,-0.51882,-0.32559,-0.39699,0.42618,0.41010,-0.92153,0.01266,-0.50815,0.53795
0.47000,-0.04016,-0.19858,-0.02838,0.02150,0.04526,-0.03301,0.12224,-0.55343,-0.19726,0.15997,0.17411,-0.00538,0.16497,-1.78805,-0.15723,1.95476,-0.41201,2.26792,-1.41334,0.20900,4.37651,-0.30649,-0.92986,-0.31875,-1.32213,0.20711,-0.51625,0.36880,0.66792,-1.30691,-0.25645,-1.44114,1.09359
0.47200,-0.01148,-0.13314,-0.09304,0.12777,0.02346,-0.57640,0.07339,-0.10540,-0.27408,0.06215,0.03725,0.03831,0.31769,-1.79055,-0.37898,1.58229,-0.43508,0.11749,-0.96970,0.57070,3.76226,-0.54231,-1.19727,0.04314,-1.44735,-0.00842,-0.22596,-1.10837,0.34230,-0.26383,-0.37644,-1.30846,-0.20370
0.47400,0.01892,0.00974,-0.10892,0.10556,-0.01644,0.07290,-0.55413,0.07463,-0.27968,-0.31153,-0.26567,0.11255,-0.32362,-0.71568,-1.02085,0.72434,2.67168,-2.96109,0.67268,0.65566,0.20429,-0.53087,-1.01962,-0.61688,-0.68574,-0.68211,0.22160,0.22697,-1.07026,0.29107,-0.41855,0.76965,0.01297
0.47600,0.04596,-0.22255,0.18218,0.03271,-0.04115,0.13508,-0.90326,-0.04046,-0.51666,-0.15866,-0.19159,0.23386,-0.42018,0.29484,-1.67338,0.20466,3.63275,-2.85774,-0.03674,1.36848,0.41478,-0.90483,-0.46047,-1.37390,0.52634,-1.24398,0.32016,0.43834,-1.73903,-0.01855,-1.35137,1.62252,0.33940
0.47800,0.06259,-0.31631,0.25874,0.03533,-0.13661,0.00871,-0.13168,-0.12179,-0.53016,-0.48130,0.00000,0.30132,-0.37662,-0.51951,-0.82979,-0.33469,0.55267,-2.38099,-0.44211,1.44007,0.18428,-1.10929,-0.11619,-1.50499,0.12070,-0.76305,-0.26805,0.43487,0.20830,-0.19346,-1.15337,-0.08650,0.57244
0.48000,-0.00416,-0.22153,0.11062,0.03032,0.03512,-0.39163,0.16798,-0.15468,0.28107,-0.23069,0.16676,-0.14658,-0.05713,-1.51183,0.68703,1.77040,-4.08014,2.26565,-0.56599,0.73602,-0.19137,-0.91389,-0.73814,-0.77657,-0.95100,0.10956,-0.37036,-0.59330,0.53896,-0.26015,0.73037,0.00815,0.60338
0.48200,0.04079,0.24266,-0.08024,0.02478,0.04412,-0.66158,0.06225,-0.53139,0.51979,-0.01799,0.32391,-0.10483,0.00577,-2.11784,1.00760,2.33911,-3.56702,-0.37506,-3.28882,1.12903,-0.76643,-0.38293,-1.41751,0.40879,-1.82802,0.37396,-0.35732,-1.10859,0.25905,-1.40029,1.59503,0.23072,0.47669
0.48400,0.07820,0.18525,-0.09303,0.34296,0.00314,-0.02174,-0.02304,-0.35307,-0.05545,0.11870,0.38666,-0.04438,-0.29685,-1.24783,-0.65588,1.12049,-2.96829,-1.83843,-2.30411,0.86402,-1.05914,-0.08037,-1.53236,-0.05613,-1.24751,0.14220,0.17614,0.30303,0.03891,-0.94692,-0.23361,0.42918,0.34671
0.48600,0.08554,-0.08002,-0.07425,0.03053,-0.14411,0.13694,-0.07186,0.53375,0.02623,0.17570,-0.39540,0.07849,-0.45137,0.30995,-0.70104,-2.07395,3.57106,-2.24581,1.70794,0.04190,-0.91283,-0.69920,-0.76406,-1.08244,-0.10582,-0.93320,0.19422,0.44100,-0.07981,0.67022,-0.03806,0.53674,0.06572
0.48800,0.02554,-0.33332,-0.05276,0.00425,-0.18408,0.00668,-0.72162,0.83800,0.16685,0.16059,-0.09772,-0.02658,-0.45397,0.80350,-0.81810,-1.88407,-0.13738,-9.54557,2.41368,-0.47937,-0.38482,-1.26544,0.21954,-1.90039,0.29429,-1.04157,0.08176,0.43278,-0.94154,1.44027,0.21798,0.58702,0.44088
0.49000,0.01189,-0.27105,0.50801,0.01607,-0.01324,-0.09056,-0.36283,0.05003,0.27149,0.11337,0.12236,-0.22724,-0.22916,-1.35901,1.07161,-0.92568,-2.24568,-7.49153,1.19027,-0.63381,-0.04461,-1.33612,-0.21751,-1.31068,0.14140,-0.01826,0.25176,0.37399,-0.43230,0.04356,0.42142,0.54433,0.59557
0.49200,0.05123,-0.08603,-0.05273,0.18920,0.07025,-0.12698,0.77368,0.05317,0.27542,-0.09959,0.27416,-0.20535,0.16178,-1.39307,1.29989,2.94011,-2.91455,2.32531,0.40828,-0.46369,-0.55991,-0.61821,-1.12279,-0.15853,-1.38445,0.79941,-0.22943,0.29199,0.25048,-0.10773,0.52868,0.01097,0.39205
0.49400,0.11185,-0.01211,-0.13404,0.37110,0.02131,-0.49629,1.30076,0.13073,0.20041,0.11913,-0.32531,-0.07034,0.26525,-1.58357,0.65433,1.18685,-12.98536,3.16710,0.29646,0.00717,-1.29173,0.09193,-1.85751,0.25324,-1.66157,0.83730,0.27605,-0.17395,0.82320,0.13949,0.57395,0.20935,-0.39871
0.49600,0.11342,0.26327,-0.08684,0.06321,-0.02771,-0.29423,0.17534,0.20965,0.13813,0.23515,-0.58044,0.00135,-0.64019,0.35585,1.70592,-0.01040,-10.16246,1.16767,0.42115,0.31401,-1.44492,-0.22159,-1.21768,-0.36082,-0.25793,0.21070,0.53042,0.24024,-0.55090,0.43988,0.51914,0.34585,-0.24786
0.49800,0.09066,-0.20761,0.34905,-0.07631,-0.05720,0.57138,0.02314,0.22148,0.03374,0.19961,-0.32975,0.10809,-0.28526,1.35487,0.28614,-0.58773,1.74866,0.79405,0.49407,-0.44320,-0.74142,-0.97964,-0.00747,-1.42412,1.33844,-0.81779,0.54632,-0.39355,-0.30147,0.59742,-0.01531,0.33045,0.17192
0.50000,0.08036,-0.29796,0.58207,-0.02397,-0.19179,0.83360,0.09559,0.19170,0.20260,-0.29277,0.08957,0.13118,-0.20579,0.27823,1.95849,-6.32699,2.74197,1.35326,0.57247,-0.91384,0.39215,-1.62206,0.38680,-1.76333,1.25844,0.14956,1.23936,-0.05364,0.14271,0.66052,0.20398,-0.29875,0.55577
0.50200,0.06471,-0.06660,0.04921,0.02399,-0.11132,0.15008,0.23150,0.15518,0.27147,-0.21840,0.23528,-0.47503,0.18508,1.55302,2.63126,-4.17556,-0.02872,1.83508,0.61514,-0.95661,-0.01769,-1.01912,-0.67855,-0.26107,0.52674,0.70079,1.22648,-0.56502,0.50310,0.63166,0.34214,-0.15580,0.40914
0.50400,0.09260,0.38027,-0.20643,0.04345,0.26483,0.06472,0.30699,-0.04984,0.15905,0.00603,0.33625,-0.04738,-0.09760,-0.98641,2.55539,-0.50969,0.59010,1.73209,-0.08421,-0.39483,-0.96370,0.08233,-1.28177,1.38817,-1.43945,0.82420,-0.19242,-0.44999,0.62013,-0.23969,0.33309,0.05026,0.03131
0.50600,0.14395,0.44589,-0.11015,0.32510,0.39041,0.12551,0.35684,0.08736,-0.16230,0.21405,0.34491,0.06844,-0.47181,0.96764,4.85197,-0.28768,1.91439,1.19368,0.09212,0.36457,-1.74592,0.42187,-1.60633,0.98820,0.00354,2.42392,0.25040,-0.14810,0.55031,0.20184,-0.37172,0.22693,-0.10048
0.50800,0.08458,0.08980,-0.02721,0.15344,-0.08461,0.21396,0.35352,0.14177,-0.10977,0.21833,-1.11116,0.10893,-0.02271,1.95567,5.18931,-1.64626,2.72571,0.81962,0.20241,-0.11437,-1.19042,-0.54334,0.00523,1.01653,0.83405,2.11054,-0.47711,0.12993,0.42480,0.46412,-0.20812,0.19888,-0.25143
0.51000,-0.04340,-0.20073,0.01951,-0.46175,0.02866,0.22485,-0.17993,0.10497,0.06752,0.12281,0.05813,-0.33384,0.15097,2.14224,-2.19354,-0.29344,2.57989,0.56431,0.23952,-0.76693,-0.08497,-1.10638,1.39477,-1.59185,1.07000,0.09645,-0.37354,0.30615,-0.31652,0.46888,0.03411,0.05295,0.25271
0.51200,-0.01295,0.02034,0.51453,-0.58202,0.08791,0.18776,0.02171,-0.19007,0.23969,0.07637,0.23944,-0.57075,0.36763,5.76358,-2.55880,0.75396,1.66903,1.61840,-0.06578,-1.17902,0.28752,-1.38090,0.78319,0.07498,4.09226,0.69762,-0.34687,0.40110,0.34859,-0.49886,0.22870,-0.01589,0.38885
0.51400,-0.08935,0.14530,0.23684,-0.29357,0.11064,0.15491,0.14003,-0.21987,0.16398,-0.28447,0.32365,-0.26121,0.44058,5.43147,-1.69131,1.19342,0.95492,1.89857,-0.37006,-0.76957,-0.26859,0.09063,1.42930,0.99342,3.34841,-0.00165,-0.28468,0.38313,0.65258,-0.59522,0.20958,0.05829,-0.08912
0.51600,0.15062,0.18631,-0.40761,-0.11449,0.09349,-0.09117,0.18325,-0.06658,-0.02244,0.10872,-0.44653,0.27939,0.41159,-0.52434,-1.11635,1.14559,0.94780,1.12657,-0.19994,0.02452,-1.22433,1.26734,-1.31025,1.24664,0.44725,-0.28637,-0.10451,-0.39304,0.54905,-0.16113,0.07336,-0.00550,-0.70549
0.51800,0.05392,0.70411,-0.62596,-0.06459,0.04931,0.08467,-0.28414,0.10738,-0.07623,0.16075,-1.03218,0.16511,0.02700,-0.42317,-1.32878,0.68287,2.73250,-0.64211,0.15620,0.29689,-1.52049,0.77791,0.47152,5.15890,0.94564,-0.59588,0.17933,0.07938,-0.82496,0.37952,-0.00306,0.12407,-0.64296
0.52000,0.01299,0.55571,-0.10414,-0.07394,0.01025,0.15498,-0.41059,0.08209,-0.14235,0.07906,0.22701,0.08071,0.46507,0.21719,-1.57491,0.21139,3.19015,-0.48860,0.13153,-0.40183,-0.10211,1.34635,1.39013,4.24191,0.47902,-0.69004,0.28585,0.35218,-0.86289,0.39676,-0.03297,-0.12613,-0.41345
0.52200,0.00417,-0.07107,-0.02036,-0.07042,0.00224,0.11354,-0.21029,0.00188,0.08572,-0.18989,0.29007,0.03429,0.46035,-0.63307,-1.29682,0.38170,1.92782,0.84670,0.06038,-0.85426,1.29409,-1.13887,1.59113,0.48646,-0.12031,-0.44405,-0.36399,0.43571,-0.13863,0.24301,0.01403,-0.54207,0.09920
0.52400,-0.36704,-0.25769,-0.04475,-0.06889,0.06321,-0.20328,0.07128,-0.03078,0.12856,-0.27921,0.34449,-0.89917,0.78126,-1.40645,-0.60616,1.50014,-1.42273,2.17287,0.03558,-0.92880,0.93397,0.49558,5.68984,0.90857,-0.73384,0.09887,-0.39665,-0.61725,0.64207,0.16704,0.14423,-0.28100,-0.33928
0.52600,-0.26608,0.17652,-0.10125,-0.07620,0.06668,-0.30089,0.10614,-0.41967,-0.09157,0.17102,0.34360,-0.44114,0.45324,-1.67822,-0.29200,1.73783,-0.63426,1.48573,-0.78053,-0.02911,0.94086,1.33648,4.90209,0.30588,-0.99115,0.38421,-0.30348,-0.69696,0.61446,-0.95652,-0.08241,-0.65561,-0.55058
0.52800,-0.23591,0.06006,-0.12913,0.04054,0.02883,-0.11353,0.09299,0.03382,-0.28748,-0.02345,0.30839,0.68556,-0.06074,-1.32244,-0.86783,1.18341,1.71359,0.11853,0.04041,0.56369,-1.19331,1.50671,-0.10232,-0.16263,-0.77890,-0.44732,0.02766,-0.20921,0.32694,0.14359,-0.56902,-0.05983,-0.59315
0.53000,-0.31701,-0.12817,-0.14702,0.01441,-0.12314,0.13035,0.07186,0.09064,-0.28234,-0.01204,-0.07169,1.00458,-0.29747,-0.42635,-1.34491,-1.35079,3.74097,-0.36125,0.27950,0.22196,0.29707,5.24490,0.08481,-0.76702,-0.15464,-0.91178,-0.24269,0.35394,0.18257,0.38349,-0.35221,-0.35990,-1.48575
0.53200,0.07420,-0.26247,-0.14319,0.00482,-0.09517,0.10639,-0.76952,-0.01524,-0.13885,-0.00226,0.30937,0.55518,-0.31437,0.13174,-1.42184,-0.56228,2.65971,-0.73117,0.01285,0.17413,1.08610,4.52153,-0.19083,-1.03810,0.23474,-0.91685,-0.29119,0.46092,-1.53079,0.12599,-0.57516,-0.47783,-1.36430
0.53400,-0.03511,-0.28638,0.10474,0.00263,-0.00378,0.02017,-0.00655,-0.35404,-0.05722,-0.00542,-0.02425,0.12809,-0.16860,-1.17005,-0.44770,1.08217,0.42529,1.44515,-0.92583,-0.55857,1.27373,-0.48083,-0.39665,-0.86450,-0.50765,-0.29065,-0.37205,0.43354,0.40318,-0.88472,-0.01308,-0.50321,0.53795
0.53600,-0.04239,-0.22093,-0.00322,0.01102,0.06436,-0.01080,0.11656,-0.51496,-0.22221,0.20343,0.25352,0.00665,0.13733,-1.92350,-0.28490,2.28262,-0.43962,2.07833,-1.23668,0.22261,4.52293,-0.32269,-0.92120,-0.29849,-1.29643,0.16836,-0.42451,0.36581,0.65919,-1.22186,-0.28669,-1.45386,1.09359
0.53800,-0.02487,-0.15270,-0.05385,0.11774,0.03579,-0.64339,0.05888,-0.09401,-0.29089,0.12488,0.10033,0.03259,0.31094,-1.94281,-0.38128,1.78930,-0.44000,0.10721,-0.85458,0.64616,3.87694,-0.53044,-1.19135,0.06715,-1.41692,-0.02418,-0.15647,-1.17369,0.31979,-0.30928,-0.40776,-1.31446,-0.20370
0.54000,0.00139,0.01264,-0.07953,0.09783,-0.01892,0.05985,-0.54362,0.07571,-0.29078,-0.37454,-0.25074,0.10026,-0.38335,-0.79473,-0.83518,0.69723,2.62670,-2.78318,0.53708,0.74722,0.11608,-0.52859,-1.01463,-0.60726,-0.66257,-0.65361,0.23805,0.26404,-1.08563,0.26486,-0.44874,0.74209,0.01297
0.54200,0.03044,-0.23480,0.15887,0.02335,-0.04689,0.13369,-0.86865,-0.03930,-0.48263,-0.24829,-0.18670,0.22533,-0.49517,0.32549,-1.36678,0.10772,3.58341,-2.74421,-0.01180,1.77409,0.32893,-0.91115,-0.45387,-1.37293,0.51994,-1.18209,0.31703,0.48952,-1.74421,-0.03639,-1.35041,1.57441,0.33940
0.54400,0.05049,-0.33577,0.24416,0.02626,-0.18193,0.02103,-0.14643,-0.11885,-0.51920,-0.49513,0.00967,0.29731,-0.44701,-0.51293,-0.61123,-0.34735,0.48815,-2.23350,-0.32695,1.75984,0.07393,-1.12038,-0.10672,-1.50368,0.12425,-0.71303,-0.35854,0.44294,0.18069,-0.20060,-1.18144,-0.06351,0.57244
0.54600,0.00027,-0.23636,0.12256,0.02625,0.04486,-0.42083,0.16243,-0.15046,0.28744,-0.24976,0.18018,-0.12275,-0.07986,-1.59693,0.73211,1.96550,-4.08189,2.10743,-0.42500,0.67883,-0.23687,-0.92774,-0.73216,-0.77236,-0.92664,0.12863,-0.30068,-0.65642,0.52109,-0.26222,0.75809,0.00553,0.60338
0.54800,0.02326,0.25725,-0.04206,0.01970,0.05893,-0.72251,0.04760,-0.50347,0.54927,-0.04502,0.34247,-0.12226,0.00049,-2.28919,0.97511,2.59695,-3.57324,-0.33627,-2.75310,1.05025,-0.78469,-0.39769,-1.42145,0.42400,-1.78683,0.37820,-0.27054,-1.20253,0.22866,-1.41521,1.62637,0.22793,0.47669
0.55000,0.05068,0.20311,-0.06034,0.31829,-0.00013,-0.02508,-0.04232,-0.34216,-0.06240,0.08627,0.40946,-0.08033,-0.33694,-1.35747,-0.56535,1.06987,-3.02675,-1.69328,-1.87256,0.81188,-1.06847,-0.09326,-1.53909,-0.03782,-1.21467,0.13528,0.20290,0.29371,0.00377,-0.97269,-0.25078,0.43248,0.34671
0.55200,0.06276,-0.07788,-0.06261,0.02980,-0.17593,0.14084,-0.09140,0.45815,0.01654,0.14824,-0.40889,0.04719,-0.51595,0.31870,-0.45615,-2.40273,3.48923,-2.07213,1.60791,0.01647,-0.91635,-0.70633,-0.77079,-1.07648,-0.09096,-0.88564,0.11030,0.48068,-0.11379,0.67091,-0.02247,0.54169,0.06572
0.55400,0.04498,-0.35031,-0.04831,0.00332,-0.23880,0.01887,-0.74288,0.73236,0.16512,0.14585,-0.10028,0.01318,-0.52785,0.84889,-0.51154,-2.16035,-0.22714,-8.91432,2.26962,-0.52898,-0.38707,-1.27621,0.23626,-1.90573,0.30044,-0.97991,-0.04467,0.43062,-0.99035,1.45788,0.23634,0.58949,0.44088
0.55600,0.02950,-0.28452,0.49795,0.02087,-0.01657,-0.07444,-0.39375,0.01509,0.28028,0.10598,0.12616,-0.17856,-0.26241,-1.36299,1.14738,-1.20717,-2.32535,-6.95763,1.18834,-0.70669,-0.05216,-1.34954,-0.20688,-1.31657,0.16359,0.00442,0.27192,0.34805,-0.48720,0.05384,0.43148,0.54768,0.59557
0.55800,0.04387,-0.08865,-0.03388,0.17299,0.07895,-0.11164,0.79160,0.03970,0.29022,-0.11335,0.28308,-0.20144,0.19601,-1.49901,1.03959,3.11320,-2.97639,2.29622,0.37657,-0.53569,-0.57440,-0.62958,-1.12631,-0.16421,-1.35027,0.74782,-0.15712,0.26048,0.32024,-0.10416,0.52883,0.00550,0.39205
0.56000,0.07872,-0.01108,-0.10572,0.34328,0.01399,-0.51027,1.30507,0.12529,0.21776,0.09815,-0.32884,-0.11756,0.31746,-1.72630,0.49912,1.03443,-13.03007,3.13596,0.20518,-0.04516,-1.29198,0.09649,-1.87087,0.24912,-1.61367,0.79351,0.29522,-0.29852,0.91882,0.13066,0.56265,0.21787,-0.39871
0.56200,0.08332,0.29480,-0.08442,0.06208,-0.04418,-0.28332,0.17738,0.20345,0.15570,0.21330,-0.60939,-0.04667,-0.73433,0.37425,1.51308,-0.32764,-10.24381,1.19033,0.29316,0.27522,-1.43772,-0.22886,-1.23235,-0.31165,-0.24034,0.19552,0.51449,0.14609,-0.51314,0.42259,0.50094,0.36212,-0.24786
0.56400,0.07372,-0.21437,0.31816,-0.05517,-0.07492,0.60412,0.04134,0.21362,0.02178,0.19462,-0.34854,0.07386,-0.32058,1.53195,0.60817,-0.93482,1.89407,0.75792,0.37670,-0.46563,-0.73077,-0.99191,-0.02085,-1.43738,1.30301,-0.76221,0.51801,-0.35941,-0.27838,0.58503,0.00851,0.34130,0.17192
0.56600,0.06980,-0.31235,0.55519,-0.00535,-0.24019,0.91514,0.11092,0.17931,0.20286,-0.28953,0.09473,0.10481,-0.24394,0.42184,1.99898,-7.39244,2.90607,1.24262,0.50336,-0.98507,0.35427,-1.63467,0.37687,-1.77501,1.24103,0.16287,1.11212,-0.01306,0.16025,0.66392,0.21414,-0.29673,0.55577
0.56800,0.09018,-0.06529,0.03813,0.03482,-0.14820,0.16611,0.23721,0.14001,0.28172,-0.22139,0.24274,-0.37887,0.23333,1.71813,2.50315,-5.10664,0.14436,1.68903,0.58077,-1.04401,-0.03509,-1.02900,-0.66234,-0.27902,0.48291,0.68832,1.13844,-0.55092,0.51969,0.64354,0.34022,-0.16682,0.40914
0.57000,0.06717,0.41576,-0.20359,0.04751,0.29663,0.05072,0.30199,-0.03983,0.16955,-0.00348,0.34580,-0.08966,-0.04517,-1.09860,2.36441,-0.24009,0.65038,1.60613,-0.12438,-0.45049,-0.96378,0.07950,-1.29911,1.38931,-1.38225,0.80102,-0.22695,-0.44082,0.63442,-0.23006,0.32005,0.05011,0.03131
0.57200,0.10692,0.49180,-0.12661,0.29710,0.42406,0.11173,0.33993,0.09811,-0.17549,0.19931,0.35483,0.00947,-0.49023,1.03556,3.91324,0.06523,1.92519,1.13489,-0.03092,0.38725,-1.73968,0.42240,-1.62684,1.02257,0.01544,2.29278,0.19917,-0.12239,0.56249,0.18336,-0.36404,0.24704,-0.10048
0.57400,0.06630,0.10762,-0.05054,0.15180,-0.06056,0.21350,0.33138,0.15158,-0.12804,0.21586,-1.18165,0.06512,0.08328,2.11629,4.45900,-1.50337,2.72558,0.80636,0.05910,-0.09632,-1.17701,-0.57473,-0.01578,0.96644,0.82080,2.01137,-0.52191,0.17000,0.43659,0.43846,-0.17945,0.21658,-0.25143
0.57600,-0.00986,-0.21017,-0.00388,-0.39506,0.03949,0.24053,-0.15817,0.10852,0.05622,0.14232,0.06405,-0.28796,0.14990,2.32195,-2.20278,-0.17761,2.57715,0.48553,0.15964,-0.80782,-0.06844,-1.11167,1.40017,-1.61132,1.04794,0.05615,-0.38785,0.34290,-0.30589,0.45840,0.05354,0.06122,0.25271
0.57800,0.03024,0.02829,0.46152,-0.49570,0.10182,0.22374,0.03120,-0.18623,0.24119,0.09961,0.25833,-0.47095,0.45295,6.37539,-2.54774,0.95329,1.67374,1.45164,0.00058,-1.28126,0.30069,-1.38983,0.79835,0.04375,3.92118,0.65606,-0.32167,0.42066,0.35304,-0.47262,0.22566,-0.00857,0.38885
0.58000,-0.08321,0.16258,0.18072,-0.29025,0.13018,0.19945,0.13777,-0.20146,0.16862,-0.29077,0.33715,-0.30535,0.56399,5.95120,-1.84608,1.45698,0.97530,1.71678,-0.33331,-0.84369,-0.28054,0.09333,1.40597,0.96208,3.22086,-0.05869,-0.23601,0.39242,0.65415,-0.55879,0.19652,0.02711,-0.08912
0.58200,0.11456,0.20597,-0.43303,-0.10171,0.11026,-0.12173,0.16951,-0.04563,-0.01994,0.11196,-0.49093,0.21948,0.53705,-0.68994,-1.10112,1.38297,0.94955,1.03339,-0.26901,0.00978,-1.21764,1.27645,-1.33701,1.21881,0.42597,-0.30207,-0.06010,-0.39077,0.54628,-0.15638,0.05075,0.00808,-0.70549
0.58400,0.04022,0.77458,-0.63314,-0.05355,0.05706,0.06657,-0.27021,0.12373,-0.07281,0.16693,-1.11549,0.11802,0.30109,-0.64109,-1.17490,0.82294,2.70290,-0.58730,-0.00732,0.30273,-1.51563,0.76273,0.44439,5.09018,0.92444,-0.57966,0.19572,0.11536,-0.81454,0.34778,-0.02812,0.14355,-0.64296
0.58600,0.01272,0.60997,-0.12967,-0.06675,0.01401,0.15218,-0.38446,0.09435,-0.17390,0.10933,0.20850,0.04647,0.74530,0.10719,-1.36587,0.29198,3.15454,-0.49476,0.01919,-0.37961,-0.08434,1.37431,1.36679,4.16782,0.47020,-0.65934,0.28300,0.39866,-0.85303,0.37278,0.02748,-0.11865,-0.41345
0.58800,0.00933,-0.11950,-0.03736,-0.06750,0.00264,0.13069,-0.19262,0.00598,0.07645,-0.17319,0.33080,0.00810,0.36400,-0.69960,-1.11306,0.48876,1.89614,0.72096,0.05298,-0.92365,1.30389,-1.14120,1.57253,0.51388,-0.12354,-0.41424,-0.36457,0.46054,-0.13669,0.23867,0.00924,-0.55329,0.09920
0.59000,-0.29073,-0.33278,-0.04171,-0.06889,0.07808,-0.22299,0.07183,-0.02966,0.12068,-0.27384,0.36539,-0.87986,0.65901,-1.50322,-0.51670,1.74342,-1.35652,1.95468,0.06576,-1.02900,0.94169,0.50782,5.67651,0.96285,-0.72140,0.11395,-0.33767,-0.64114,0.63729,0.16880,0.12868,-0.31366,-0.33928
0.59200,-0.21595,0.15753,-0.08190,-0.07909,0.08587,-0.33965,0.09639,-0.37484,-0.09912,0.19245,0.35008,-0.45902,0.42878,-1.80630,-0.27734,2.01490,-0.61546,1.34031,-0.73134,-0.04194,0.99260,1.35415,4.87672,0.33382,-0.96922,0.38596,-0.22677,-0.72546,0.60451,-0.86613,-0.10614,-0.64542,-0.55058
0.59400,-0.19378,0.05374,-0.10249,0.03927,0.03696,-0.14572,0.07355,0.04853,-0.29499,0.00990,0.30881,0.75438,-0.11323,-1.44047,-0.75822,1.32345,1.67976,0.11370,-0.06921,0.67874,-1.20282,1.52539,-0.04582,-0.15290,-0.75512,-0.43907,0.07150,-0.20001,0.31146,0.11782,-0.55311,-0.04891,-0.59315
0.59600,-0.27430,-0.13634,-0.12107,0.01096,-0.12953,0.11773,0.05058,0.10321,-0.30315,0.03507,-0.17742,1.09890,-0.38021,-0.50288,-1.09550,-1.40846,3.68365,-0.31662,0.13299,0.33255,0.31459,5.30450,0.15804,-0.76227,-0.13580,-0.87042,-0.29630,0.40529,0.16767,0.35268,-0.29940,-0.35747,-1.48575
0.59800,0.09223,-0.27696,-0.12101,-0.00415,-0.10993,0.10962,-0.72353,-0.01037,-0.12591,0.04769,0.25704,0.58894,-0.40796,0.07913,-1.15085,-0.58137,2.60447,-0.78159,0.00458,0.27047,1.11572,4.57921,-0.14323,-1.03245,0.24788,-0.86622,-0.33849,0.49730,-1.51207,0.11300,-0.59234,-0.47835,-1.36430
0.60000,-0.01822,-0.30362,0.09957,-0.00502,-0.00379,0.04137,-0.00535,-0.33482,-0.08791,0.04028,0.03635,0.15312,-0.24384,-1.21765,-0.29605,1.22664,0.38403,1.29241,-0.74602,-0.65673,1.30272,-0.46723,-0.37436,-0.85387,-0.49750,-0.25855,-0.34854,0.43613,0.39099,-0.84717,-0.03576,-0.50223,0.53795
0.60200,-0.04219,-0.23932,0.01611,-0.00056,0.08455,0.01434,0.10905,-0.47318,-0.24083,0.23434,0.32173,0.01258,0.10425,-2.03342,-0.41689,2.58531,-0.46276,1.88696,-1.06161,0.23272,4.64543,-0.32435,-0.90915,-0.27899,-1.26605,0.13218,-0.33182,0.35830,0.64522,-1.13250,-0.31398,-1.46588,1.09359
0.60400,-0.03850,-0.17080,-0.02041,0.10504,0.04847,-0.70967,0.04192,-0.08687,-0.29960,0.18080,0.15566,0.02497,0.30378,-2.07067,-0.38923,1.98030,-0.44615,0.09968,-0.74400,0.71434,3.97488,-0.50803,-1.18144,0.09108,-1.37983,-0.03890,-0.08478,-1.23648,0.29650,-0.35016,-0.43628,-1.32230,-0.20370
0.60600,-0.01851,0.01895,-0.05187,0.08851,-0.02194,0.04552,-0.52950,0.07841,-0.29416,-0.41510,-0.23010,0.08952,-0.44993,-0.86091,-0.63917,0.67108,2.56191,-2.60336,0.40921,0.83066,0.02242,-0.52150,-1.00622,-0.59860,-0.63493,-0.62476,0.25769,0.29676,-1.09269,0.23867,-0.47612,0.71397,0.01297
0.60800,0.01119,-0.23771,0.13612,0.01431,-0.05324,0.13195,-0.83022,-0.03975,-0.43229,-0.30637,-0.17629,0.22121,-0.58738,0.34319,-1.03047,0.01793,3.50559,-2.62629,0.01374,2.16457,0.24032,-0.91680,-0.44539,-1.37355,0.50593,-1.12010,0.31731,0.53385,-1.73625,-0.05360,-1.35302,1.52029,0.33940
0.61000,0.03427,-0.34395,0.22739,0.01662,-0.22152,0.03520,-0.15828,-0.11897,-0.49086,-0.48756,0.01952,0.29866,-0.53618,-0.50110,-0.37570,-0.36096,0.42480,-2.08240,-0.21506,2.06527,-0.03931,-1.13281,-0.09606,-1.50392,0.12221,-0.66445,-0.45220,0.44605,0.14602,-0.20758,-1.20847,-0.04832,0.57244
0.61200,0.00574,-0.24475,0.12981,0.02016,0.05597,-0.45031,0.15379,-0.14955,0.27919,-0.26415,0.18906,-0.10881,-0.11301,-1.65605,0.76878,2.14151,-4.04736,1.94617,-0.28845,0.63039,-0.28573,-0.94350,-0.72329,-0.76752,-0.90107,0.14463,-0.23063,-0.71721,0.50026,-0.26497,0.78510,0.00449,0.60338
0.61400,0.00288,0.26768,-0.00988,0.01240,0.07430,-0.78240,0.03070,-0.48654,0.56096,-0.07124,0.35184,-0.14253,0.00405,-2.42474,0.92870,2.83286,-3.55258,-0.29517,-2.23958,0.97836,-0.80277,-0.41345,-1.42155,0.43869,-1.73855,0.37948,-0.18165,-1.29188,0.19719,-1.42143,1.65733,0.23021,0.47669
0.61600,0.01744,0.22098,-0.03059,0.28691,-0.00350,-0.02981,-0.06326,-0.34172,-0.08112,0.05653,0.42061,-0.11422,-0.37480,-1.44185,-0.48797,1.01762,-3.05326,-1.54298,-1.45917,0.76088,-1.07430,-0.10600,-1.54181,-0.01887,-1.17591,0.12554,0.23201,0.28521,-0.03000,-0.99323,-0.25860,0.44067,0.34671
0.61800,0.03407,-0.06866,-0.04846,0.02804,-0.20390,0.14488,-0.11194,0.38702,0.00048,0.12541,-0.41012,0.02109,-0.59320,0.33392,-0.19988,-2.71204,3.38839,-1.89330,1.50244,-0.00415,-0.91463,-0.71283,-0.77597,-1.07001,-0.07407,-0.83764,0.02433,0.51279,-0.14495,0.66723,-0.00818,0.54835,0.06572
0.62000,0.06589,-0.35463,-0.03998,0.00178,-0.28751,0.03258,-0.75538,0.63236,0.15862,0.13845,-0.09834,0.04400,-0.62580,0.89119,-0.18854,-2.42091,-0.30348,-8.26726,2.12005,-0.57187,-0.38367,-1.29044,0.25445,-1.91147,0.30683,-0.91920,-0.17476,0.42416,-1.04118,1.46994,0.25139,0.58781,0.44088
0.62200,0.04797,-0.28885,0.48277,0.02306,-0.01828,-0.05592,-0.42021,-0.01712,0.28450,0.10804,0.12804,-0.14370,-0.31265,-1.34545,1.20733,-1.48014,-2.37552,-6.41063,1.18079,-0.77294,-0.05451,-1.36813,-0.19401,-1.32145,0.17696,0.02510,0.29052,0.31930,-0.54426,0.04719,0.43975,0.54360,0.59557
0.62400,0.03378,-0.09007,-0.01790,0.15119,0.08741,-0.09405,0.80658,0.02867,0.30144,-0.13178,0.28569,-0.20537,0.22712,-1.57183,0.74494,3.26709,-3.00510,2.25833,0.34321,-0.60380,-0.59054,-0.64486,-1.12665,-0.16656,-1.31125,0.69787,-0.08272,0.22655,0.38617,-0.10250,0.52932,0.00387,0.39205
0.62600,0.03868,-0.01151,-0.08008,0.30712,0.00642,-0.52428,1.30299,0.12241,0.23293,0.07421,-0.32525,-0.16342,0.37230,-1.82946,0.30870,0.88354,-12.96159,3.10023,0.11600,-0.09853,-1.28832,0.10581,-1.88014,0.24833,-1.55941,0.74827,0.31587,-0.41124,1.00826,0.12460,0.55450,0.23300,-0.39871
0.62800,0.04603,0.33012,-0.07848,0.05762,-0.06066,-0.27117,0.17998,0.19977,0.17135,0.19093,-0.62114,-0.08971,-0.82833,0.40691,1.29238,-0.63098,-10.22781,1.20004,0.16911,0.23274,-1.42355,-0.23370,-1.24499,-0.25886,-0.22046,0.18419,0.50006,0.05856,-0.46038,0.40781,0.48784,0.38381,-0.24786
0.63000,0.05132,-0.21318,0.29015,-0.03494,-0.09231,0.63274,0.05957,0.20772,0.00641,0.19131,-0.35526,0.04723,-0.37501,1.68382,0.92803,-1.26416,2.01972,0.71632,0.26334,-0.48345,-0.71364,-1.00664,-0.03578,-1.44910,1.25951,-0.70789,0.49126,-0.31334,-0.25377,0.57312,0.02748,0.35177,0.17192
0.63200,0.05465,-0.31688,0.52721,0.01021,-0.28418,0.99385,0.12567,0.16792,0.20061,-0.28518,0.10029,0.08631,-0.30642,0.55688,2.00845,-8.39912,3.03377,1.12978,0.43672,-1.04944,0.31149,-1.65361,0.36467,-1.78435,1.21244,0.17514,0.97934,0.04494,0.17306,0.66410,0.22156,-0.29781,0.55577
0.63400,0.11330,-0.06386,0.03112,0.04133,-0.18332,0.17764,0.24189,0.12534,0.29008,-0.23163,0.24610,-0.30968,0.27582,1.86247,2.33175,-5.98861,0.31416,1.54208,0.54742,-1.12565,-0.05714,-1.04468,-0.64133,-0.29248,0.44143,0.67472,1.04760,-0.54291,0.52978,0.64933,0.33799,-0.17764,0.40914
0.63600,0.03680,0.44349,-0.19909,0.04709,0.32301,0.03487,0.29542,-0.02736,0.18040,-0.02069,0.34769,-0.13078,0.02962,-1.16206,2.13076,0.02511,0.70528,1.48078,-0.16303,-0.50565,-0.96257,0.07348,-1.31481,1.39196,-1.32086,0.77712,-0.26432,-0.42968,0.64403,-0.21749,0.30931,0.05472,0.03131
0.63800,0.06221,0.53412,-0.13659,0.25929,0.44830,0.09706,0.32075,0.11111,-0.19251,0.18162,0.35586,-0.04542,-0.48974,1.11807,2.88435,0.41790,1.91842,1.07823,-0.14853,0.40871,-1.72566,0.42108,-1.64535,1.06020,0.02855,2.16828,0.14634,-0.09399,0.57477,0.16895,-0.35621,0.27419,-0.10048
0.64000,0.04356,0.12015,-0.06544,0.14229,-0.03727,0.21231,0.30698,0.16322,-0.14945,0.21204,-1.21650,0.02911,0.20341,2.26959,3.63987,-1.35262,2.69875,0.79507,-0.07757,-0.07741,-1.15607,-0.60402,-0.03960,0.91646,0.80656,1.91659,-0.56132,0.21145,0.45211,0.41552,-0.15639,0.23737,-0.25143
0.64200,0.02644,-0.21509,-0.01901,-0.31546,0.05017,0.25611,-0.13649,0.11250,0.04325,0.16235,0.07184,-0.24861,0.12283,2.48503,-2.16021,-0.06707,2.54741,0.40558,0.08418,-0.84395,-0.04715,-1.12199,1.40319,-1.62499,1.02378,0.01974,-0.40336,0.37961,-0.29578,0.44738,0.06812,0.06607,0.25271
0.64400,0.07439,0.03198,0.41988,-0.39081,0.11496,0.26050,0.04032,-0.18122,0.24175,0.12475,0.27482,-0.39261,0.53484,6.87381,-2.46998,1.13687,1.65817,1.28438,0.06332,-1.37628,0.31720,-1.40505,0.81447,0.01854,3.74339,0.61253,-0.29890,0.43881,0.35150,-0.45136,0.22214,-0.00662,0.38885
0.64600,-0.07444,0.17150,0.13901,-0.28037,0.14802,0.24487,0.13488,-0.18074,0.17442,-0.31489,0.34454,-0.33650,0.69752,6.38748,-1.96511,1.70120,0.98102,1.53550,-0.29739,-0.91472,-0.29825,0.09246,1.37666,0.93637,3.08888,-0.11058,-0.18883,0.39912,0.64933,-0.52123,0.18511,-0.00607,-0.08912
0.64800,0.07282,0.21659,-0.46150,-0.08624,0.12481,-0.15206,0.15453,-0.02233,-0.01342,0.11076,-0.52460,0.16304,0.67741,-0.87608,-1.06711,1.60572,0.94282,0.94220,-0.33382,-0.00839,-1.20555,1.28871,-1.36451,1.19570,0.40224,-0.31416,-0.01533,-0.38691,0.54153,-0.14733,0.03216,0.02714,-0.70549
0.65000,0.02470,0.82095,-0.64559,-0.03967,0.06226,0.04829,-0.25511,0.14197,-0.06533,0.17099,-1.16851,0.07972,0.65029,-0.88861,-0.99850,0.96011,2.64911,-0.53635,-0.16271,0.30325,-1.50210,0.75113,0.41188,5.01901,0.90490,-0.56118,0.21509,0.15042,-0.79456,0.31956,-0.04827,0.16717,-0.64296
0.65200,0.01197,0.64067,-0.15463,-0.05530,0.01528,0.14929,-0.35799,0.10715,-0.21024,0.13807,0.18132,0.02301,1.08264,-0.03365,-1.12718,0.37712,3.08894,-0.50118,-0.08678,-0.35775,-0.06228,1.39924,1.33638,4.09531,0.44997,-0.62758,0.28469,0.44218,-0.83737,0.35018,0.07518,-0.11291,-0.41345
0.65400,0.01426,-0.16938,-0.05591,-0.06011,0.00409,0.14858,-0.17528,0.00863,0.06868,-0.16451,0.37008,-0.00763,0.27105,-0.76715,-0.90250,0.58511,1.84571,0.59578,0.04775,-0.98785,1.30503,-1.14795,1.54716,0.53078,-0.13064,-0.38557,-0.36718,0.48182,-0.13656,0.23228,0.00418,-0.56720,0.09920
0.65600,-0.20124,-0.40691,-0.04319,-0.06489,0.09277,-0.24334,0.07180,-0.03046,0.11463,-0.28608,0.38032,-0.84213,0.54321,-1.58340,-0.41063,1.96401,-1.27955,1.73615,0.09628,-1.12411,0.93908,0.51750,5.64866,1.00295,-0.70755,0.12490,-0.28039,-0.66662,0.62559,0.16683,0.11520,-0.35003,-0.33928
0.65800,-0.15543,0.13317,-0.06884,-0.07825,0.10408,-0.37715,0.08589,-0.32490,-0.10077,0.20903,0.34837,-0.45468,0.41253,-1.91402,-0.25073,2.26861,-0.59291,1.19590,-0.68083,-0.05712,1.04113,1.37049,4.83592,0.35776,-0.94305,0.38272,-0.15026,-0.75264,0.59028,-0.77166,-0.12610,-0.63018,-0.55058
0.66000,-0.14195,0.04717,-0.08152,0.03732,0.04388,-0.17686,0.05321,0.06397,-0.30075,0.04179,0.30066,0.80722,-0.16679,-1.54267,-0.64029,1.45386,1.63134,0.11111,-0.17271,0.78763,-1.20450,1.54346,0.01493,-0.14595,-0.72655,-0.42936,0.11727,-0.19136,0.29723,0.09525,-0.54079,-0.03672,-0.59315
0.66200,-0.22118,-0.13886,-0.09812,0.00890,-0.13400,0.10499,0.02872,0.11656,-0.32547,0.07996,-0.29289,1.17666,-0.47336,-0.57574,-0.82501,-1.45700,3.59497,-0.27003,-0.00556,0.43745,0.33451,5.36614,0.23628,-0.76022,-0.11355,-0.82758,-0.34849,0.45202,0.15634,0.32340,-0.25807,-0.35697,-1.48575
0.66400,0.11244,-0.28245,-0.10011,-0.01064,-0.12220,0.11324,-0.67883,-0.00755,-0.10463,0.09548,0.18862,0.61287,-0.51587,0.02033,-0.85432,-0.59969,2.52710,-0.82714,-0.00127,0.36370,1.14479,4.63806,-0.09105,-1.02996,0.26265,-0.81531,-0.38665,0.52861,-1.48211,0.09929,-0.60832,-0.48321,-1.36430
